timestamp,sensor_id,valor
2025-10-01T00:00:00,temp_sensor_01,19.81
2025-10-01T00:00:00,lum_sensor_01,0.0
2025-10-01T00:00:00,occ_sensor_01,0.0
2025-10-01T00:15:00,temp_sensor_01,20.63
2025-10-01T00:15:00,lum_sensor_01,0.0
2025-10-01T00:15:00,occ_sensor_01,0.0
2025-10-01T00:30:00,temp_sensor_01,17.72
2025-10-01T00:30:00,lum_sensor_01,0.0
2025-10-01T00:30:00,occ_sensor_01,0.0
2025-10-01T00:45:00,temp_sensor_01,19.95
2025-10-01T00:45:00,lum_sensor_01,0.0
2025-10-01T00:45:00,occ_sensor_01,0.0
2025-10-01T01:00:00,temp_sensor_01,18.16
2025-10-01T01:00:00,lum_sensor_01,0.0
2025-10-01T01:00:00,occ_sensor_01,0.0
2025-10-01T01:15:00,temp_sensor_01,19.46
2025-10-01T01:15:00,lum_sensor_01,0.0
2025-10-01T01:15:00,occ_sensor_01,0.0
2025-10-01T01:30:00,temp_sensor_01,21.35
2025-10-01T01:30:00,lum_sensor_01,0.0
2025-10-01T01:30:00,occ_sensor_01,0.0
2025-10-01T01:45:00,temp_sensor_01,19.93
2025-10-01T01:45:00,lum_sensor_01,0.0
2025-10-01T01:45:00,occ_sensor_01,0.0
2025-10-01T02:00:00,temp_sensor_01,18.69
2025-10-01T02:00:00,lum_sensor_01,0.0
2025-10-01T02:00:00,occ_sensor_01,0.0
2025-10-01T02:15:00,temp_sensor_01,20.33
2025-10-01T02:15:00,lum_sensor_01,0.0
2025-10-01T02:15:00,occ_sensor_01,0.0
2025-10-01T02:30:00,temp_sensor_01,19.89
2025-10-01T02:30:00,lum_sensor_01,0.0
2025-10-01T02:30:00,occ_sensor_01,0.0
2025-10-01T02:45:00,temp_sensor_01,17.62
2025-10-01T02:45:00,lum_sensor_01,0.0
2025-10-01T02:45:00,occ_sensor_01,0.0
2025-10-01T03:00:00,temp_sensor_01,19.42
2025-10-01T03:00:00,lum_sensor_01,0.0
2025-10-01T03:00:00,occ_sensor_01,0.0
2025-10-01T03:15:00,temp_sensor_01,20.64
2025-10-01T03:15:00,lum_sensor_01,0.0
2025-10-01T03:15:00,occ_sensor_01,0.0
2025-10-01T03:30:00,temp_sensor_01,17.89
2025-10-01T03:30:00,lum_sensor_01,0.0
2025-10-01T03:30:00,occ_sensor_01,0.0
2025-10-01T03:45:00,temp_sensor_01,19.76
2025-10-01T03:45:00,lum_sensor_01,0.0
2025-10-01T03:45:00,occ_sensor_01,0.0
2025-10-01T04:00:00,temp_sensor_01,19.04
2025-10-01T04:00:00,lum_sensor_01,0.0
2025-10-01T04:00:00,occ_sensor_01,0.0
2025-10-01T04:15:00,temp_sensor_01,19.68
2025-10-01T04:15:00,lum_sensor_01,0.0
2025-10-01T04:15:00,occ_sensor_01,0.0
2025-10-01T04:30:00,temp_sensor_01,20.91
2025-10-01T04:30:00,lum_sensor_01,0.0
2025-10-01T04:30:00,occ_sensor_01,0.0
2025-10-01T04:45:00,temp_sensor_01,19.2
2025-10-01T04:45:00,lum_sensor_01,0.0
2025-10-01T04:45:00,occ_sensor_01,0.0
2025-10-01T05:00:00,temp_sensor_01,19.0
2025-10-01T05:00:00,lum_sensor_01,0.0
2025-10-01T05:00:00,occ_sensor_01,0.0
2025-10-01T05:15:00,temp_sensor_01,19.2
2025-10-01T05:15:00,lum_sensor_01,0.0
2025-10-01T05:15:00,occ_sensor_01,0.0
2025-10-01T05:30:00,temp_sensor_01,17.7
2025-10-01T05:30:00,lum_sensor_01,0.0
2025-10-01T05:30:00,occ_sensor_01,0.0
2025-10-01T05:45:00,temp_sensor_01,19.93
2025-10-01T05:45:00,lum_sensor_01,0.0
2025-10-01T05:45:00,occ_sensor_01,0.0
2025-10-01T06:00:00,temp_sensor_01,18.24
2025-10-01T06:00:00,lum_sensor_01,413.67
2025-10-01T06:00:00,occ_sensor_01,0.0
2025-10-01T06:15:00,temp_sensor_01,17.55
2025-10-01T06:15:00,lum_sensor_01,426.68
2025-10-01T06:15:00,occ_sensor_01,0.0
2025-10-01T06:30:00,temp_sensor_01,19.72
2025-10-01T06:30:00,lum_sensor_01,373.65
2025-10-01T06:30:00,occ_sensor_01,0.0
2025-10-01T06:45:00,temp_sensor_01,19.05
2025-10-01T06:45:00,lum_sensor_01,398.07
2025-10-01T06:45:00,occ_sensor_01,0.0
2025-10-01T07:00:00,temp_sensor_01,18.06
2025-10-01T07:00:00,lum_sensor_01,465.88
2025-10-01T07:00:00,occ_sensor_01,0.0
2025-10-01T07:15:00,temp_sensor_01,18.5
2025-10-01T07:15:00,lum_sensor_01,369.7
2025-10-01T07:15:00,occ_sensor_01,0.0
2025-10-01T07:30:00,temp_sensor_01,18.15
2025-10-01T07:30:00,lum_sensor_01,353.7
2025-10-01T07:30:00,occ_sensor_01,0.0
2025-10-01T07:45:00,temp_sensor_01,19.95
2025-10-01T07:45:00,lum_sensor_01,429.61
2025-10-01T07:45:00,occ_sensor_01,0.0
2025-10-01T08:00:00,temp_sensor_01,20.88
2025-10-01T08:00:00,lum_sensor_01,509.66
2025-10-01T08:00:00,occ_sensor_01,1.0
2025-10-01T08:15:00,temp_sensor_01,22.28
2025-10-01T08:15:00,lum_sensor_01,400.03
2025-10-01T08:15:00,occ_sensor_01,1.0
2025-10-01T08:30:00,temp_sensor_01,21.8
2025-10-01T08:30:00,lum_sensor_01,408.63
2025-10-01T08:30:00,occ_sensor_01,1.0
2025-10-01T08:45:00,temp_sensor_01,19.93
2025-10-01T08:45:00,lum_sensor_01,370.76
2025-10-01T08:45:00,occ_sensor_01,1.0
2025-10-01T09:00:00,temp_sensor_01,23.2
2025-10-01T09:00:00,lum_sensor_01,380.59
2025-10-01T09:00:00,occ_sensor_01,1.0
2025-10-01T09:15:00,temp_sensor_01,23.16
2025-10-01T09:15:00,lum_sensor_01,386.2
2025-10-01T09:15:00,occ_sensor_01,1.0
2025-10-01T09:30:00,temp_sensor_01,21.95
2025-10-01T09:30:00,lum_sensor_01,417.5
2025-10-01T09:30:00,occ_sensor_01,1.0
2025-10-01T09:45:00,temp_sensor_01,21.25
2025-10-01T09:45:00,lum_sensor_01,358.36
2025-10-01T09:45:00,occ_sensor_01,1.0
2025-10-01T10:00:00,temp_sensor_01,21.98
2025-10-01T10:00:00,lum_sensor_01,312.16
2025-10-01T10:00:00,occ_sensor_01,1.0
2025-10-01T10:15:00,temp_sensor_01,21.85
2025-10-01T10:15:00,lum_sensor_01,455.71
2025-10-01T10:15:00,occ_sensor_01,1.0
2025-10-01T10:30:00,temp_sensor_01,23.76
2025-10-01T10:30:00,lum_sensor_01,399.25
2025-10-01T10:30:00,occ_sensor_01,1.0
2025-10-01T10:45:00,temp_sensor_01,21.6
2025-10-01T10:45:00,lum_sensor_01,378.93
2025-10-01T10:45:00,occ_sensor_01,1.0
2025-10-01T11:00:00,temp_sensor_01,22.29
2025-10-01T11:00:00,lum_sensor_01,319.16
2025-10-01T11:00:00,occ_sensor_01,1.0
2025-10-01T11:15:00,temp_sensor_01,19.14
2025-10-01T11:15:00,lum_sensor_01,395.91
2025-10-01T11:15:00,occ_sensor_01,1.0
2025-10-01T11:30:00,temp_sensor_01,20.84
2025-10-01T11:30:00,lum_sensor_01,425.5
2025-10-01T11:30:00,occ_sensor_01,1.0
2025-10-01T11:45:00,temp_sensor_01,23.06
2025-10-01T11:45:00,lum_sensor_01,290.91
2025-10-01T11:45:00,occ_sensor_01,1.0
2025-10-01T12:00:00,temp_sensor_01,20.49
2025-10-01T12:00:00,lum_sensor_01,386.03
2025-10-01T12:00:00,occ_sensor_01,1.0
2025-10-01T12:15:00,temp_sensor_01,20.94
2025-10-01T12:15:00,lum_sensor_01,437.86
2025-10-01T12:15:00,occ_sensor_01,1.0
2025-10-01T12:30:00,temp_sensor_01,21.96
2025-10-01T12:30:00,lum_sensor_01,449.56
2025-10-01T12:30:00,occ_sensor_01,1.0
2025-10-01T12:45:00,temp_sensor_01,22.26
2025-10-01T12:45:00,lum_sensor_01,297.74
2025-10-01T12:45:00,occ_sensor_01,1.0
2025-10-01T13:00:00,temp_sensor_01,20.28
2025-10-01T13:00:00,lum_sensor_01,337.09
2025-10-01T13:00:00,occ_sensor_01,1.0
2025-10-01T13:15:00,temp_sensor_01,23.53
2025-10-01T13:15:00,lum_sensor_01,323.89
2025-10-01T13:15:00,occ_sensor_01,0.0
2025-10-01T13:30:00,temp_sensor_01,21.4
2025-10-01T13:30:00,lum_sensor_01,468.43
2025-10-01T13:30:00,occ_sensor_01,1.0
2025-10-01T13:45:00,temp_sensor_01,21.06
2025-10-01T13:45:00,lum_sensor_01,369.09
2025-10-01T13:45:00,occ_sensor_01,1.0
2025-10-01T14:00:00,temp_sensor_01,20.55
2025-10-01T14:00:00,lum_sensor_01,418.66
2025-10-01T14:00:00,occ_sensor_01,0.0
2025-10-01T14:15:00,temp_sensor_01,24.62
2025-10-01T14:15:00,lum_sensor_01,349.16
2025-10-01T14:15:00,occ_sensor_01,0.0
2025-10-01T14:30:00,temp_sensor_01,22.79
2025-10-01T14:30:00,lum_sensor_01,400.77
2025-10-01T14:30:00,occ_sensor_01,1.0
2025-10-01T14:45:00,temp_sensor_01,22.07
2025-10-01T14:45:00,lum_sensor_01,447.14
2025-10-01T14:45:00,occ_sensor_01,1.0
2025-10-01T15:00:00,temp_sensor_01,23.37
2025-10-01T15:00:00,lum_sensor_01,369.42
2025-10-01T15:00:00,occ_sensor_01,0.0
2025-10-01T15:15:00,temp_sensor_01,22.87
2025-10-01T15:15:00,lum_sensor_01,477.76
2025-10-01T15:15:00,occ_sensor_01,0.0
2025-10-01T15:30:00,temp_sensor_01,22.96
2025-10-01T15:30:00,lum_sensor_01,381.56
2025-10-01T15:30:00,occ_sensor_01,1.0
2025-10-01T15:45:00,temp_sensor_01,24.13
2025-10-01T15:45:00,lum_sensor_01,369.89
2025-10-01T15:45:00,occ_sensor_01,1.0
2025-10-01T16:00:00,temp_sensor_01,24.19
2025-10-01T16:00:00,lum_sensor_01,374.47
2025-10-01T16:00:00,occ_sensor_01,1.0
2025-10-01T16:15:00,temp_sensor_01,22.81
2025-10-01T16:15:00,lum_sensor_01,398.17
2025-10-01T16:15:00,occ_sensor_01,1.0
2025-10-01T16:30:00,temp_sensor_01,22.5
2025-10-01T16:30:00,lum_sensor_01,415.49
2025-10-01T16:30:00,occ_sensor_01,1.0
2025-10-01T16:45:00,temp_sensor_01,22.72
2025-10-01T16:45:00,lum_sensor_01,381.37
2025-10-01T16:45:00,occ_sensor_01,0.0
2025-10-01T17:00:00,temp_sensor_01,22.0
2025-10-01T17:00:00,lum_sensor_01,442.65
2025-10-01T17:00:00,occ_sensor_01,1.0
2025-10-01T17:15:00,temp_sensor_01,22.21
2025-10-01T17:15:00,lum_sensor_01,405.92
2025-10-01T17:15:00,occ_sensor_01,1.0
2025-10-01T17:30:00,temp_sensor_01,21.39
2025-10-01T17:30:00,lum_sensor_01,365.26
2025-10-01T17:30:00,occ_sensor_01,1.0
2025-10-01T17:45:00,temp_sensor_01,21.39
2025-10-01T17:45:00,lum_sensor_01,352.63
2025-10-01T17:45:00,occ_sensor_01,1.0
2025-10-01T18:00:00,temp_sensor_01,19.04
2025-10-01T18:00:00,lum_sensor_01,350.94
2025-10-01T18:00:00,occ_sensor_01,1.0
2025-10-01T18:15:00,temp_sensor_01,23.88
2025-10-01T18:15:00,lum_sensor_01,414.61
2025-10-01T18:15:00,occ_sensor_01,1.0
2025-10-01T18:30:00,temp_sensor_01,20.96
2025-10-01T18:30:00,lum_sensor_01,456.69
2025-10-01T18:30:00,occ_sensor_01,1.0
2025-10-01T18:45:00,temp_sensor_01,21.36
2025-10-01T18:45:00,lum_sensor_01,301.77
2025-10-01T18:45:00,occ_sensor_01,1.0
2025-10-01T19:00:00,temp_sensor_01,18.35
2025-10-01T19:00:00,lum_sensor_01,0.0
2025-10-01T19:00:00,occ_sensor_01,0.0
2025-10-01T19:15:00,temp_sensor_01,19.42
2025-10-01T19:15:00,lum_sensor_01,0.0
2025-10-01T19:15:00,occ_sensor_01,0.0
2025-10-01T19:30:00,temp_sensor_01,19.5
2025-10-01T19:30:00,lum_sensor_01,0.0
2025-10-01T19:30:00,occ_sensor_01,1.0
2025-10-01T19:45:00,temp_sensor_01,19.43
2025-10-01T19:45:00,lum_sensor_01,0.0
2025-10-01T19:45:00,occ_sensor_01,0.0
2025-10-01T20:00:00,temp_sensor_01,19.84
2025-10-01T20:00:00,lum_sensor_01,0.0
2025-10-01T20:00:00,occ_sensor_01,0.0
2025-10-01T20:15:00,temp_sensor_01,19.5
2025-10-01T20:15:00,lum_sensor_01,0.0
2025-10-01T20:15:00,occ_sensor_01,0.0
2025-10-01T20:30:00,temp_sensor_01,19.01
2025-10-01T20:30:00,lum_sensor_01,0.0
2025-10-01T20:30:00,occ_sensor_01,0.0
2025-10-01T20:45:00,temp_sensor_01,18.19
2025-10-01T20:45:00,lum_sensor_01,0.0
2025-10-01T20:45:00,occ_sensor_01,0.0
2025-10-01T21:00:00,temp_sensor_01,18.53
2025-10-01T21:00:00,lum_sensor_01,0.0
2025-10-01T21:00:00,occ_sensor_01,0.0
2025-10-01T21:15:00,temp_sensor_01,18.1
2025-10-01T21:15:00,lum_sensor_01,0.0
2025-10-01T21:15:00,occ_sensor_01,0.0
2025-10-01T21:30:00,temp_sensor_01,18.3
2025-10-01T21:30:00,lum_sensor_01,0.0
2025-10-01T21:30:00,occ_sensor_01,0.0
2025-10-01T21:45:00,temp_sensor_01,18.49
2025-10-01T21:45:00,lum_sensor_01,0.0
2025-10-01T21:45:00,occ_sensor_01,0.0
2025-10-01T22:00:00,temp_sensor_01,19.61
2025-10-01T22:00:00,lum_sensor_01,0.0
2025-10-01T22:00:00,occ_sensor_01,0.0
2025-10-01T22:15:00,temp_sensor_01,18.2
2025-10-01T22:15:00,lum_sensor_01,0.0
2025-10-01T22:15:00,occ_sensor_01,0.0
2025-10-01T22:30:00,temp_sensor_01,18.51
2025-10-01T22:30:00,lum_sensor_01,0.0
2025-10-01T22:30:00,occ_sensor_01,0.0
2025-10-01T22:45:00,temp_sensor_01,18.92
2025-10-01T22:45:00,lum_sensor_01,0.0
2025-10-01T22:45:00,occ_sensor_01,0.0
2025-10-01T23:00:00,temp_sensor_01,18.99
2025-10-01T23:00:00,lum_sensor_01,0.0
2025-10-01T23:00:00,occ_sensor_01,0.0
2025-10-01T23:15:00,temp_sensor_01,18.26
2025-10-01T23:15:00,lum_sensor_01,0.0
2025-10-01T23:15:00,occ_sensor_01,0.0
2025-10-01T23:30:00,temp_sensor_01,18.17
2025-10-01T23:30:00,lum_sensor_01,0.0
2025-10-01T23:30:00,occ_sensor_01,0.0
2025-10-01T23:45:00,temp_sensor_01,18.27
2025-10-01T23:45:00,lum_sensor_01,0.0
2025-10-01T23:45:00,occ_sensor_01,0.0
2025-10-02T00:00:00,temp_sensor_01,19.89
2025-10-02T00:00:00,lum_sensor_01,0.0
2025-10-02T00:00:00,occ_sensor_01,0.0
2025-10-02T00:15:00,temp_sensor_01,17.03
2025-10-02T00:15:00,lum_sensor_01,0.0
2025-10-02T00:15:00,occ_sensor_01,0.0
2025-10-02T00:30:00,temp_sensor_01,17.43
2025-10-02T00:30:00,lum_sensor_01,0.0
2025-10-02T00:30:00,occ_sensor_01,0.0
2025-10-02T00:45:00,temp_sensor_01,18.47
2025-10-02T00:45:00,lum_sensor_01,0.0
2025-10-02T00:45:00,occ_sensor_01,0.0
2025-10-02T01:00:00,temp_sensor_01,20.39
2025-10-02T01:00:00,lum_sensor_01,0.0
2025-10-02T01:00:00,occ_sensor_01,0.0
2025-10-02T01:15:00,temp_sensor_01,18.95
2025-10-02T01:15:00,lum_sensor_01,0.0
2025-10-02T01:15:00,occ_sensor_01,0.0
2025-10-02T01:30:00,temp_sensor_01,20.25
2025-10-02T01:30:00,lum_sensor_01,0.0
2025-10-02T01:30:00,occ_sensor_01,0.0
2025-10-02T01:45:00,temp_sensor_01,18.85
2025-10-02T01:45:00,lum_sensor_01,0.0
2025-10-02T01:45:00,occ_sensor_01,0.0
2025-10-02T02:00:00,temp_sensor_01,19.66
2025-10-02T02:00:00,lum_sensor_01,0.0
2025-10-02T02:00:00,occ_sensor_01,0.0
2025-10-02T02:15:00,temp_sensor_01,19.59
2025-10-02T02:15:00,lum_sensor_01,0.0
2025-10-02T02:15:00,occ_sensor_01,1.0
2025-10-02T02:30:00,temp_sensor_01,18.43
2025-10-02T02:30:00,lum_sensor_01,0.0
2025-10-02T02:30:00,occ_sensor_01,0.0
2025-10-02T02:45:00,temp_sensor_01,19.05
2025-10-02T02:45:00,lum_sensor_01,0.0
2025-10-02T02:45:00,occ_sensor_01,0.0
2025-10-02T03:00:00,temp_sensor_01,19.66
2025-10-02T03:00:00,lum_sensor_01,0.0
2025-10-02T03:00:00,occ_sensor_01,0.0
2025-10-02T03:15:00,temp_sensor_01,19.01
2025-10-02T03:15:00,lum_sensor_01,0.0
2025-10-02T03:15:00,occ_sensor_01,0.0
2025-10-02T03:30:00,temp_sensor_01,18.33
2025-10-02T03:30:00,lum_sensor_01,0.0
2025-10-02T03:30:00,occ_sensor_01,0.0
2025-10-02T03:45:00,temp_sensor_01,18.96
2025-10-02T03:45:00,lum_sensor_01,0.0
2025-10-02T03:45:00,occ_sensor_01,0.0
2025-10-02T04:00:00,temp_sensor_01,17.67
2025-10-02T04:00:00,lum_sensor_01,0.0
2025-10-02T04:00:00,occ_sensor_01,0.0
2025-10-02T04:15:00,temp_sensor_01,18.56
2025-10-02T04:15:00,lum_sensor_01,0.0
2025-10-02T04:15:00,occ_sensor_01,0.0
2025-10-02T04:30:00,temp_sensor_01,19.03
2025-10-02T04:30:00,lum_sensor_01,0.0
2025-10-02T04:30:00,occ_sensor_01,0.0
2025-10-02T04:45:00,temp_sensor_01,20.6
2025-10-02T04:45:00,lum_sensor_01,0.0
2025-10-02T04:45:00,occ_sensor_01,0.0
2025-10-02T05:00:00,temp_sensor_01,18.08
2025-10-02T05:00:00,lum_sensor_01,0.0
2025-10-02T05:00:00,occ_sensor_01,0.0
2025-10-02T05:15:00,temp_sensor_01,19.34
2025-10-02T05:15:00,lum_sensor_01,0.0
2025-10-02T05:15:00,occ_sensor_01,0.0
2025-10-02T05:30:00,temp_sensor_01,19.21
2025-10-02T05:30:00,lum_sensor_01,0.0
2025-10-02T05:30:00,occ_sensor_01,0.0
2025-10-02T05:45:00,temp_sensor_01,20.92
2025-10-02T05:45:00,lum_sensor_01,0.0
2025-10-02T05:45:00,occ_sensor_01,0.0
2025-10-02T06:00:00,temp_sensor_01,20.2
2025-10-02T06:00:00,lum_sensor_01,432.63
2025-10-02T06:00:00,occ_sensor_01,0.0
2025-10-02T06:15:00,temp_sensor_01,19.93
2025-10-02T06:15:00,lum_sensor_01,435.13
2025-10-02T06:15:00,occ_sensor_01,0.0
2025-10-02T06:30:00,temp_sensor_01,19.14
2025-10-02T06:30:00,lum_sensor_01,378.0
2025-10-02T06:30:00,occ_sensor_01,0.0
2025-10-02T06:45:00,temp_sensor_01,19.13
2025-10-02T06:45:00,lum_sensor_01,397.47
2025-10-02T06:45:00,occ_sensor_01,0.0
2025-10-02T07:00:00,temp_sensor_01,18.43
2025-10-02T07:00:00,lum_sensor_01,413.77
2025-10-02T07:00:00,occ_sensor_01,0.0
2025-10-02T07:15:00,temp_sensor_01,18.68
2025-10-02T07:15:00,lum_sensor_01,390.71
2025-10-02T07:15:00,occ_sensor_01,0.0
2025-10-02T07:30:00,temp_sensor_01,19.97
2025-10-02T07:30:00,lum_sensor_01,399.81
2025-10-02T07:30:00,occ_sensor_01,0.0
2025-10-02T07:45:00,temp_sensor_01,17.69
2025-10-02T07:45:00,lum_sensor_01,369.59
2025-10-02T07:45:00,occ_sensor_01,0.0
2025-10-02T08:00:00,temp_sensor_01,20.0
2025-10-02T08:00:00,lum_sensor_01,429.07
2025-10-02T08:00:00,occ_sensor_01,1.0
2025-10-02T08:15:00,temp_sensor_01,24.41
2025-10-02T08:15:00,lum_sensor_01,384.58
2025-10-02T08:15:00,occ_sensor_01,1.0
2025-10-02T08:30:00,temp_sensor_01,23.49
2025-10-02T08:30:00,lum_sensor_01,248.61
2025-10-02T08:30:00,occ_sensor_01,0.0
2025-10-02T08:45:00,temp_sensor_01,20.76
2025-10-02T08:45:00,lum_sensor_01,452.07
2025-10-02T08:45:00,occ_sensor_01,1.0
2025-10-02T09:00:00,temp_sensor_01,20.01
2025-10-02T09:00:00,lum_sensor_01,403.48
2025-10-02T09:00:00,occ_sensor_01,1.0
2025-10-02T09:15:00,temp_sensor_01,21.54
2025-10-02T09:15:00,lum_sensor_01,443.61
2025-10-02T09:15:00,occ_sensor_01,1.0
2025-10-02T09:30:00,temp_sensor_01,21.6
2025-10-02T09:30:00,lum_sensor_01,417.13
2025-10-02T09:30:00,occ_sensor_01,1.0
2025-10-02T09:45:00,temp_sensor_01,21.25
2025-10-02T09:45:00,lum_sensor_01,434.16
2025-10-02T09:45:00,occ_sensor_01,0.0
2025-10-02T10:00:00,temp_sensor_01,20.03
2025-10-02T10:00:00,lum_sensor_01,398.99
2025-10-02T10:00:00,occ_sensor_01,1.0
2025-10-02T10:15:00,temp_sensor_01,21.5
2025-10-02T10:15:00,lum_sensor_01,395.85
2025-10-02T10:15:00,occ_sensor_01,1.0
2025-10-02T10:30:00,temp_sensor_01,21.71
2025-10-02T10:30:00,lum_sensor_01,355.14
2025-10-02T10:30:00,occ_sensor_01,0.0
2025-10-02T10:45:00,temp_sensor_01,24.48
2025-10-02T10:45:00,lum_sensor_01,450.33
2025-10-02T10:45:00,occ_sensor_01,1.0
2025-10-02T11:00:00,temp_sensor_01,23.67
2025-10-02T11:00:00,lum_sensor_01,472.88
2025-10-02T11:00:00,occ_sensor_01,1.0
2025-10-02T11:15:00,temp_sensor_01,19.21
2025-10-02T11:15:00,lum_sensor_01,425.86
2025-10-02T11:15:00,occ_sensor_01,1.0
2025-10-02T11:30:00,temp_sensor_01,23.05
2025-10-02T11:30:00,lum_sensor_01,362.38
2025-10-02T11:30:00,occ_sensor_01,1.0
2025-10-02T11:45:00,temp_sensor_01,22.33
2025-10-02T11:45:00,lum_sensor_01,310.33
2025-10-02T11:45:00,occ_sensor_01,1.0
2025-10-02T12:00:00,temp_sensor_01,23.67
2025-10-02T12:00:00,lum_sensor_01,331.21
2025-10-02T12:00:00,occ_sensor_01,1.0
2025-10-02T12:15:00,temp_sensor_01,22.81
2025-10-02T12:15:00,lum_sensor_01,469.21
2025-10-02T12:15:00,occ_sensor_01,0.0
2025-10-02T12:30:00,temp_sensor_01,20.52
2025-10-02T12:30:00,lum_sensor_01,448.18
2025-10-02T12:30:00,occ_sensor_01,1.0
2025-10-02T12:45:00,temp_sensor_01,21.42
2025-10-02T12:45:00,lum_sensor_01,417.81
2025-10-02T12:45:00,occ_sensor_01,1.0
2025-10-02T13:00:00,temp_sensor_01,21.77
2025-10-02T13:00:00,lum_sensor_01,420.11
2025-10-02T13:00:00,occ_sensor_01,1.0
2025-10-02T13:15:00,temp_sensor_01,20.78
2025-10-02T13:15:00,lum_sensor_01,446.08
2025-10-02T13:15:00,occ_sensor_01,0.0
2025-10-02T13:30:00,temp_sensor_01,22.59
2025-10-02T13:30:00,lum_sensor_01,405.9
2025-10-02T13:30:00,occ_sensor_01,1.0
2025-10-02T13:45:00,temp_sensor_01,20.93
2025-10-02T13:45:00,lum_sensor_01,373.99
2025-10-02T13:45:00,occ_sensor_01,1.0
2025-10-02T14:00:00,temp_sensor_01,22.76
2025-10-02T14:00:00,lum_sensor_01,426.22
2025-10-02T14:00:00,occ_sensor_01,1.0
2025-10-02T14:15:00,temp_sensor_01,22.09
2025-10-02T14:15:00,lum_sensor_01,420.76
2025-10-02T14:15:00,occ_sensor_01,0.0
2025-10-02T14:30:00,temp_sensor_01,23.76
2025-10-02T14:30:00,lum_sensor_01,488.53
2025-10-02T14:30:00,occ_sensor_01,1.0
2025-10-02T14:45:00,temp_sensor_01,23.07
2025-10-02T14:45:00,lum_sensor_01,387.61
2025-10-02T14:45:00,occ_sensor_01,0.0
2025-10-02T15:00:00,temp_sensor_01,21.12
2025-10-02T15:00:00,lum_sensor_01,393.69
2025-10-02T15:00:00,occ_sensor_01,1.0
2025-10-02T15:15:00,temp_sensor_01,19.43
2025-10-02T15:15:00,lum_sensor_01,440.43
2025-10-02T15:15:00,occ_sensor_01,1.0
2025-10-02T15:30:00,temp_sensor_01,21.9
2025-10-02T15:30:00,lum_sensor_01,322.03
2025-10-02T15:30:00,occ_sensor_01,0.0
2025-10-02T15:45:00,temp_sensor_01,21.05
2025-10-02T15:45:00,lum_sensor_01,430.84
2025-10-02T15:45:00,occ_sensor_01,1.0
2025-10-02T16:00:00,temp_sensor_01,22.06
2025-10-02T16:00:00,lum_sensor_01,414.09
2025-10-02T16:00:00,occ_sensor_01,1.0
2025-10-02T16:15:00,temp_sensor_01,22.19
2025-10-02T16:15:00,lum_sensor_01,418.62
2025-10-02T16:15:00,occ_sensor_01,1.0
2025-10-02T16:30:00,temp_sensor_01,21.05
2025-10-02T16:30:00,lum_sensor_01,375.71
2025-10-02T16:30:00,occ_sensor_01,1.0
2025-10-02T16:45:00,temp_sensor_01,23.0
2025-10-02T16:45:00,lum_sensor_01,410.44
2025-10-02T16:45:00,occ_sensor_01,1.0
2025-10-02T17:00:00,temp_sensor_01,26.83
2025-10-02T17:00:00,lum_sensor_01,455.36
2025-10-02T17:00:00,occ_sensor_01,1.0
2025-10-02T17:15:00,temp_sensor_01,21.91
2025-10-02T17:15:00,lum_sensor_01,415.44
2025-10-02T17:15:00,occ_sensor_01,1.0
2025-10-02T17:30:00,temp_sensor_01,23.43
2025-10-02T17:30:00,lum_sensor_01,471.17
2025-10-02T17:30:00,occ_sensor_01,1.0
2025-10-02T17:45:00,temp_sensor_01,21.59
2025-10-02T17:45:00,lum_sensor_01,377.08
2025-10-02T17:45:00,occ_sensor_01,1.0
2025-10-02T18:00:00,temp_sensor_01,20.46
2025-10-02T18:00:00,lum_sensor_01,450.32
2025-10-02T18:00:00,occ_sensor_01,1.0
2025-10-02T18:15:00,temp_sensor_01,22.66
2025-10-02T18:15:00,lum_sensor_01,527.95
2025-10-02T18:15:00,occ_sensor_01,0.0
2025-10-02T18:30:00,temp_sensor_01,22.15
2025-10-02T18:30:00,lum_sensor_01,467.7
2025-10-02T18:30:00,occ_sensor_01,1.0
2025-10-02T18:45:00,temp_sensor_01,23.48
2025-10-02T18:45:00,lum_sensor_01,416.11
2025-10-02T18:45:00,occ_sensor_01,1.0
2025-10-02T19:00:00,temp_sensor_01,20.56
2025-10-02T19:00:00,lum_sensor_01,0.0
2025-10-02T19:00:00,occ_sensor_01,0.0
2025-10-02T19:15:00,temp_sensor_01,18.43
2025-10-02T19:15:00,lum_sensor_01,0.0
2025-10-02T19:15:00,occ_sensor_01,0.0
2025-10-02T19:30:00,temp_sensor_01,19.94
2025-10-02T19:30:00,lum_sensor_01,0.0
2025-10-02T19:30:00,occ_sensor_01,0.0
2025-10-02T19:45:00,temp_sensor_01,18.43
2025-10-02T19:45:00,lum_sensor_01,0.0
2025-10-02T19:45:00,occ_sensor_01,0.0
2025-10-02T20:00:00,temp_sensor_01,18.71
2025-10-02T20:00:00,lum_sensor_01,0.0
2025-10-02T20:00:00,occ_sensor_01,0.0
2025-10-02T20:15:00,temp_sensor_01,20.69
2025-10-02T20:15:00,lum_sensor_01,0.0
2025-10-02T20:15:00,occ_sensor_01,0.0
2025-10-02T20:30:00,temp_sensor_01,18.56
2025-10-02T20:30:00,lum_sensor_01,0.0
2025-10-02T20:30:00,occ_sensor_01,0.0
2025-10-02T20:45:00,temp_sensor_01,18.53
2025-10-02T20:45:00,lum_sensor_01,0.0
2025-10-02T20:45:00,occ_sensor_01,0.0
2025-10-02T21:00:00,temp_sensor_01,19.79
2025-10-02T21:00:00,lum_sensor_01,0.0
2025-10-02T21:00:00,occ_sensor_01,0.0
2025-10-02T21:15:00,temp_sensor_01,20.1
2025-10-02T21:15:00,lum_sensor_01,0.0
2025-10-02T21:15:00,occ_sensor_01,0.0
2025-10-02T21:30:00,temp_sensor_01,19.5
2025-10-02T21:30:00,lum_sensor_01,0.0
2025-10-02T21:30:00,occ_sensor_01,1.0
2025-10-02T21:45:00,temp_sensor_01,19.18
2025-10-02T21:45:00,lum_sensor_01,0.0
2025-10-02T21:45:00,occ_sensor_01,0.0
2025-10-02T22:00:00,temp_sensor_01,19.19
2025-10-02T22:00:00,lum_sensor_01,0.0
2025-10-02T22:00:00,occ_sensor_01,0.0
2025-10-02T22:15:00,temp_sensor_01,20.35
2025-10-02T22:15:00,lum_sensor_01,0.0
2025-10-02T22:15:00,occ_sensor_01,0.0
2025-10-02T22:30:00,temp_sensor_01,19.36
2025-10-02T22:30:00,lum_sensor_01,0.0
2025-10-02T22:30:00,occ_sensor_01,0.0
2025-10-02T22:45:00,temp_sensor_01,20.49
2025-10-02T22:45:00,lum_sensor_01,0.0
2025-10-02T22:45:00,occ_sensor_01,0.0
2025-10-02T23:00:00,temp_sensor_01,19.81
2025-10-02T23:00:00,lum_sensor_01,0.0
2025-10-02T23:00:00,occ_sensor_01,0.0
2025-10-02T23:15:00,temp_sensor_01,21.48
2025-10-02T23:15:00,lum_sensor_01,0.0
2025-10-02T23:15:00,occ_sensor_01,0.0
2025-10-02T23:30:00,temp_sensor_01,18.73
2025-10-02T23:30:00,lum_sensor_01,0.0
2025-10-02T23:30:00,occ_sensor_01,0.0
2025-10-02T23:45:00,temp_sensor_01,18.62
2025-10-02T23:45:00,lum_sensor_01,0.0
2025-10-02T23:45:00,occ_sensor_01,0.0
2025-10-03T00:00:00,temp_sensor_01,18.73
2025-10-03T00:00:00,lum_sensor_01,0.0
2025-10-03T00:00:00,occ_sensor_01,0.0
2025-10-03T00:15:00,temp_sensor_01,17.74
2025-10-03T00:15:00,lum_sensor_01,0.0
2025-10-03T00:15:00,occ_sensor_01,0.0
2025-10-03T00:30:00,temp_sensor_01,21.23
2025-10-03T00:30:00,lum_sensor_01,0.0
2025-10-03T00:30:00,occ_sensor_01,0.0
2025-10-03T00:45:00,temp_sensor_01,18.04
2025-10-03T00:45:00,lum_sensor_01,0.0
2025-10-03T00:45:00,occ_sensor_01,0.0
2025-10-03T01:00:00,temp_sensor_01,19.35
2025-10-03T01:00:00,lum_sensor_01,0.0
2025-10-03T01:00:00,occ_sensor_01,0.0
2025-10-03T01:15:00,temp_sensor_01,18.79
2025-10-03T01:15:00,lum_sensor_01,0.0
2025-10-03T01:15:00,occ_sensor_01,0.0
2025-10-03T01:30:00,temp_sensor_01,20.8
2025-10-03T01:30:00,lum_sensor_01,0.0
2025-10-03T01:30:00,occ_sensor_01,0.0
2025-10-03T01:45:00,temp_sensor_01,17.54
2025-10-03T01:45:00,lum_sensor_01,0.0
2025-10-03T01:45:00,occ_sensor_01,0.0
2025-10-03T02:00:00,temp_sensor_01,18.8
2025-10-03T02:00:00,lum_sensor_01,0.0
2025-10-03T02:00:00,occ_sensor_01,0.0
2025-10-03T02:15:00,temp_sensor_01,19.3
2025-10-03T02:15:00,lum_sensor_01,0.0
2025-10-03T02:15:00,occ_sensor_01,0.0
2025-10-03T02:30:00,temp_sensor_01,19.58
2025-10-03T02:30:00,lum_sensor_01,0.0
2025-10-03T02:30:00,occ_sensor_01,0.0
2025-10-03T02:45:00,temp_sensor_01,20.04
2025-10-03T02:45:00,lum_sensor_01,0.0
2025-10-03T02:45:00,occ_sensor_01,0.0
2025-10-03T03:00:00,temp_sensor_01,19.03
2025-10-03T03:00:00,lum_sensor_01,0.0
2025-10-03T03:00:00,occ_sensor_01,0.0
2025-10-03T03:15:00,temp_sensor_01,19.49
2025-10-03T03:15:00,lum_sensor_01,0.0
2025-10-03T03:15:00,occ_sensor_01,0.0
2025-10-03T03:30:00,temp_sensor_01,19.65
2025-10-03T03:30:00,lum_sensor_01,0.0
2025-10-03T03:30:00,occ_sensor_01,0.0
2025-10-03T03:45:00,temp_sensor_01,19.66
2025-10-03T03:45:00,lum_sensor_01,0.0
2025-10-03T03:45:00,occ_sensor_01,0.0
2025-10-03T04:00:00,temp_sensor_01,18.54
2025-10-03T04:00:00,lum_sensor_01,0.0
2025-10-03T04:00:00,occ_sensor_01,0.0
2025-10-03T04:15:00,temp_sensor_01,16.94
2025-10-03T04:15:00,lum_sensor_01,0.0
2025-10-03T04:15:00,occ_sensor_01,0.0
2025-10-03T04:30:00,temp_sensor_01,19.25
2025-10-03T04:30:00,lum_sensor_01,0.0
2025-10-03T04:30:00,occ_sensor_01,0.0
2025-10-03T04:45:00,temp_sensor_01,19.66
2025-10-03T04:45:00,lum_sensor_01,0.0
2025-10-03T04:45:00,occ_sensor_01,0.0
2025-10-03T05:00:00,temp_sensor_01,19.45
2025-10-03T05:00:00,lum_sensor_01,0.0
2025-10-03T05:00:00,occ_sensor_01,0.0
2025-10-03T05:15:00,temp_sensor_01,17.05
2025-10-03T05:15:00,lum_sensor_01,0.0
2025-10-03T05:15:00,occ_sensor_01,0.0
2025-10-03T05:30:00,temp_sensor_01,18.16
2025-10-03T05:30:00,lum_sensor_01,0.0
2025-10-03T05:30:00,occ_sensor_01,0.0
2025-10-03T05:45:00,temp_sensor_01,17.38
2025-10-03T05:45:00,lum_sensor_01,0.0
2025-10-03T05:45:00,occ_sensor_01,0.0
2025-10-03T06:00:00,temp_sensor_01,18.05
2025-10-03T06:00:00,lum_sensor_01,378.88
2025-10-03T06:00:00,occ_sensor_01,0.0
2025-10-03T06:15:00,temp_sensor_01,19.21
2025-10-03T06:15:00,lum_sensor_01,413.98
2025-10-03T06:15:00,occ_sensor_01,0.0
2025-10-03T06:30:00,temp_sensor_01,18.95
2025-10-03T06:30:00,lum_sensor_01,408.58
2025-10-03T06:30:00,occ_sensor_01,0.0
2025-10-03T06:45:00,temp_sensor_01,16.98
2025-10-03T06:45:00,lum_sensor_01,364.95
2025-10-03T06:45:00,occ_sensor_01,0.0
2025-10-03T07:00:00,temp_sensor_01,18.28
2025-10-03T07:00:00,lum_sensor_01,397.94
2025-10-03T07:00:00,occ_sensor_01,0.0
2025-10-03T07:15:00,temp_sensor_01,20.41
2025-10-03T07:15:00,lum_sensor_01,482.58
2025-10-03T07:15:00,occ_sensor_01,0.0
2025-10-03T07:30:00,temp_sensor_01,18.93
2025-10-03T07:30:00,lum_sensor_01,391.09
2025-10-03T07:30:00,occ_sensor_01,0.0
2025-10-03T07:45:00,temp_sensor_01,18.57
2025-10-03T07:45:00,lum_sensor_01,424.73
2025-10-03T07:45:00,occ_sensor_01,0.0
2025-10-03T08:00:00,temp_sensor_01,21.61
2025-10-03T08:00:00,lum_sensor_01,406.18
2025-10-03T08:00:00,occ_sensor_01,0.0
2025-10-03T08:15:00,temp_sensor_01,23.39
2025-10-03T08:15:00,lum_sensor_01,454.84
2025-10-03T08:15:00,occ_sensor_01,1.0
2025-10-03T08:30:00,temp_sensor_01,22.68
2025-10-03T08:30:00,lum_sensor_01,367.88
2025-10-03T08:30:00,occ_sensor_01,1.0
2025-10-03T08:45:00,temp_sensor_01,21.04
2025-10-03T08:45:00,lum_sensor_01,365.63
2025-10-03T08:45:00,occ_sensor_01,1.0
2025-10-03T09:00:00,temp_sensor_01,21.57
2025-10-03T09:00:00,lum_sensor_01,332.59
2025-10-03T09:00:00,occ_sensor_01,1.0
2025-10-03T09:15:00,temp_sensor_01,20.71
2025-10-03T09:15:00,lum_sensor_01,359.44
2025-10-03T09:15:00,occ_sensor_01,1.0
2025-10-03T09:30:00,temp_sensor_01,22.75
2025-10-03T09:30:00,lum_sensor_01,453.47
2025-10-03T09:30:00,occ_sensor_01,0.0
2025-10-03T09:45:00,temp_sensor_01,22.38
2025-10-03T09:45:00,lum_sensor_01,384.01
2025-10-03T09:45:00,occ_sensor_01,1.0
2025-10-03T10:00:00,temp_sensor_01,22.28
2025-10-03T10:00:00,lum_sensor_01,439.56
2025-10-03T10:00:00,occ_sensor_01,1.0
2025-10-03T10:15:00,temp_sensor_01,22.39
2025-10-03T10:15:00,lum_sensor_01,394.75
2025-10-03T10:15:00,occ_sensor_01,1.0
2025-10-03T10:30:00,temp_sensor_01,21.08
2025-10-03T10:30:00,lum_sensor_01,463.99
2025-10-03T10:30:00,occ_sensor_01,0.0
2025-10-03T10:45:00,temp_sensor_01,21.46
2025-10-03T10:45:00,lum_sensor_01,373.25
2025-10-03T10:45:00,occ_sensor_01,1.0
2025-10-03T11:00:00,temp_sensor_01,22.61
2025-10-03T11:00:00,lum_sensor_01,394.02
2025-10-03T11:00:00,occ_sensor_01,0.0
2025-10-03T11:15:00,temp_sensor_01,24.16
2025-10-03T11:15:00,lum_sensor_01,402.78
2025-10-03T11:15:00,occ_sensor_01,1.0
2025-10-03T11:30:00,temp_sensor_01,22.65
2025-10-03T11:30:00,lum_sensor_01,415.15
2025-10-03T11:30:00,occ_sensor_01,1.0
2025-10-03T11:45:00,temp_sensor_01,22.87
2025-10-03T11:45:00,lum_sensor_01,330.92
2025-10-03T11:45:00,occ_sensor_01,0.0
2025-10-03T12:00:00,temp_sensor_01,20.01
2025-10-03T12:00:00,lum_sensor_01,351.59
2025-10-03T12:00:00,occ_sensor_01,0.0
2025-10-03T12:15:00,temp_sensor_01,18.78
2025-10-03T12:15:00,lum_sensor_01,419.67
2025-10-03T12:15:00,occ_sensor_01,1.0
2025-10-03T12:30:00,temp_sensor_01,22.97
2025-10-03T12:30:00,lum_sensor_01,309.71
2025-10-03T12:30:00,occ_sensor_01,1.0
2025-10-03T12:45:00,temp_sensor_01,22.45
2025-10-03T12:45:00,lum_sensor_01,384.4
2025-10-03T12:45:00,occ_sensor_01,1.0
2025-10-03T13:00:00,temp_sensor_01,21.41
2025-10-03T13:00:00,lum_sensor_01,362.96
2025-10-03T13:00:00,occ_sensor_01,0.0
2025-10-03T13:15:00,temp_sensor_01,21.65
2025-10-03T13:15:00,lum_sensor_01,423.46
2025-10-03T13:15:00,occ_sensor_01,1.0
2025-10-03T13:30:00,temp_sensor_01,22.24
2025-10-03T13:30:00,lum_sensor_01,365.57
2025-10-03T13:30:00,occ_sensor_01,1.0
2025-10-03T13:45:00,temp_sensor_01,19.07
2025-10-03T13:45:00,lum_sensor_01,377.19
2025-10-03T13:45:00,occ_sensor_01,1.0
2025-10-03T14:00:00,temp_sensor_01,22.69
2025-10-03T14:00:00,lum_sensor_01,349.3
2025-10-03T14:00:00,occ_sensor_01,1.0
2025-10-03T14:15:00,temp_sensor_01,21.49
2025-10-03T14:15:00,lum_sensor_01,492.68
2025-10-03T14:15:00,occ_sensor_01,1.0
2025-10-03T14:30:00,temp_sensor_01,21.59
2025-10-03T14:30:00,lum_sensor_01,436.39
2025-10-03T14:30:00,occ_sensor_01,0.0
2025-10-03T14:45:00,temp_sensor_01,21.18
2025-10-03T14:45:00,lum_sensor_01,375.64
2025-10-03T14:45:00,occ_sensor_01,1.0
2025-10-03T15:00:00,temp_sensor_01,20.84
2025-10-03T15:00:00,lum_sensor_01,370.2
2025-10-03T15:00:00,occ_sensor_01,0.0
2025-10-03T15:15:00,temp_sensor_01,20.98
2025-10-03T15:15:00,lum_sensor_01,364.31
2025-10-03T15:15:00,occ_sensor_01,1.0
2025-10-03T15:30:00,temp_sensor_01,24.65
2025-10-03T15:30:00,lum_sensor_01,460.42
2025-10-03T15:30:00,occ_sensor_01,1.0
2025-10-03T15:45:00,temp_sensor_01,23.25
2025-10-03T15:45:00,lum_sensor_01,330.62
2025-10-03T15:45:00,occ_sensor_01,0.0
2025-10-03T16:00:00,temp_sensor_01,22.83
2025-10-03T16:00:00,lum_sensor_01,360.45
2025-10-03T16:00:00,occ_sensor_01,1.0
2025-10-03T16:15:00,temp_sensor_01,25.12
2025-10-03T16:15:00,lum_sensor_01,425.03
2025-10-03T16:15:00,occ_sensor_01,1.0
2025-10-03T16:30:00,temp_sensor_01,22.54
2025-10-03T16:30:00,lum_sensor_01,359.37
2025-10-03T16:30:00,occ_sensor_01,0.0
2025-10-03T16:45:00,temp_sensor_01,21.08
2025-10-03T16:45:00,lum_sensor_01,325.45
2025-10-03T16:45:00,occ_sensor_01,1.0
2025-10-03T17:00:00,temp_sensor_01,22.7
2025-10-03T17:00:00,lum_sensor_01,482.43
2025-10-03T17:00:00,occ_sensor_01,1.0
2025-10-03T17:15:00,temp_sensor_01,23.91
2025-10-03T17:15:00,lum_sensor_01,399.22
2025-10-03T17:15:00,occ_sensor_01,1.0
2025-10-03T17:30:00,temp_sensor_01,20.19
2025-10-03T17:30:00,lum_sensor_01,499.17
2025-10-03T17:30:00,occ_sensor_01,0.0
2025-10-03T17:45:00,temp_sensor_01,20.58
2025-10-03T17:45:00,lum_sensor_01,380.75
2025-10-03T17:45:00,occ_sensor_01,1.0
2025-10-03T18:00:00,temp_sensor_01,22.43
2025-10-03T18:00:00,lum_sensor_01,428.48
2025-10-03T18:00:00,occ_sensor_01,0.0
2025-10-03T18:15:00,temp_sensor_01,22.57
2025-10-03T18:15:00,lum_sensor_01,370.11
2025-10-03T18:15:00,occ_sensor_01,0.0
2025-10-03T18:30:00,temp_sensor_01,21.59
2025-10-03T18:30:00,lum_sensor_01,365.99
2025-10-03T18:30:00,occ_sensor_01,1.0
2025-10-03T18:45:00,temp_sensor_01,24.15
2025-10-03T18:45:00,lum_sensor_01,371.64
2025-10-03T18:45:00,occ_sensor_01,1.0
2025-10-03T19:00:00,temp_sensor_01,19.54
2025-10-03T19:00:00,lum_sensor_01,0.0
2025-10-03T19:00:00,occ_sensor_01,0.0
2025-10-03T19:15:00,temp_sensor_01,17.81
2025-10-03T19:15:00,lum_sensor_01,0.0
2025-10-03T19:15:00,occ_sensor_01,0.0
2025-10-03T19:30:00,temp_sensor_01,20.1
2025-10-03T19:30:00,lum_sensor_01,0.0
2025-10-03T19:30:00,occ_sensor_01,0.0
2025-10-03T19:45:00,temp_sensor_01,20.97
2025-10-03T19:45:00,lum_sensor_01,0.0
2025-10-03T19:45:00,occ_sensor_01,0.0
2025-10-03T20:00:00,temp_sensor_01,20.11
2025-10-03T20:00:00,lum_sensor_01,0.0
2025-10-03T20:00:00,occ_sensor_01,0.0
2025-10-03T20:15:00,temp_sensor_01,19.29
2025-10-03T20:15:00,lum_sensor_01,0.0
2025-10-03T20:15:00,occ_sensor_01,0.0
2025-10-03T20:30:00,temp_sensor_01,18.87
2025-10-03T20:30:00,lum_sensor_01,0.0
2025-10-03T20:30:00,occ_sensor_01,0.0
2025-10-03T20:45:00,temp_sensor_01,19.05
2025-10-03T20:45:00,lum_sensor_01,0.0
2025-10-03T20:45:00,occ_sensor_01,0.0
2025-10-03T21:00:00,temp_sensor_01,18.76
2025-10-03T21:00:00,lum_sensor_01,0.0
2025-10-03T21:00:00,occ_sensor_01,0.0
2025-10-03T21:15:00,temp_sensor_01,19.64
2025-10-03T21:15:00,lum_sensor_01,0.0
2025-10-03T21:15:00,occ_sensor_01,0.0
2025-10-03T21:30:00,temp_sensor_01,17.94
2025-10-03T21:30:00,lum_sensor_01,0.0
2025-10-03T21:30:00,occ_sensor_01,0.0
2025-10-03T21:45:00,temp_sensor_01,17.99
2025-10-03T21:45:00,lum_sensor_01,0.0
2025-10-03T21:45:00,occ_sensor_01,0.0
2025-10-03T22:00:00,temp_sensor_01,18.3
2025-10-03T22:00:00,lum_sensor_01,0.0
2025-10-03T22:00:00,occ_sensor_01,0.0
2025-10-03T22:15:00,temp_sensor_01,19.54
2025-10-03T22:15:00,lum_sensor_01,0.0
2025-10-03T22:15:00,occ_sensor_01,0.0
2025-10-03T22:30:00,temp_sensor_01,18.35
2025-10-03T22:30:00,lum_sensor_01,0.0
2025-10-03T22:30:00,occ_sensor_01,0.0
2025-10-03T22:45:00,temp_sensor_01,18.93
2025-10-03T22:45:00,lum_sensor_01,0.0
2025-10-03T22:45:00,occ_sensor_01,0.0
2025-10-03T23:00:00,temp_sensor_01,18.66
2025-10-03T23:00:00,lum_sensor_01,0.0
2025-10-03T23:00:00,occ_sensor_01,0.0
2025-10-03T23:15:00,temp_sensor_01,17.6
2025-10-03T23:15:00,lum_sensor_01,0.0
2025-10-03T23:15:00,occ_sensor_01,0.0
2025-10-03T23:30:00,temp_sensor_01,21.0
2025-10-03T23:30:00,lum_sensor_01,0.0
2025-10-03T23:30:00,occ_sensor_01,0.0
2025-10-03T23:45:00,temp_sensor_01,20.89
2025-10-03T23:45:00,lum_sensor_01,0.0
2025-10-03T23:45:00,occ_sensor_01,0.0
2025-10-04T00:00:00,temp_sensor_01,19.01
2025-10-04T00:00:00,lum_sensor_01,0.0
2025-10-04T00:00:00,occ_sensor_01,0.0
2025-10-04T00:15:00,temp_sensor_01,19.21
2025-10-04T00:15:00,lum_sensor_01,0.0
2025-10-04T00:15:00,occ_sensor_01,0.0
2025-10-04T00:30:00,temp_sensor_01,18.18
2025-10-04T00:30:00,lum_sensor_01,0.0
2025-10-04T00:30:00,occ_sensor_01,0.0
2025-10-04T00:45:00,temp_sensor_01,19.14
2025-10-04T00:45:00,lum_sensor_01,0.0
2025-10-04T00:45:00,occ_sensor_01,0.0
2025-10-04T01:00:00,temp_sensor_01,18.68
2025-10-04T01:00:00,lum_sensor_01,0.0
2025-10-04T01:00:00,occ_sensor_01,0.0
2025-10-04T01:15:00,temp_sensor_01,18.79
2025-10-04T01:15:00,lum_sensor_01,0.0
2025-10-04T01:15:00,occ_sensor_01,0.0
2025-10-04T01:30:00,temp_sensor_01,19.6
2025-10-04T01:30:00,lum_sensor_01,0.0
2025-10-04T01:30:00,occ_sensor_01,0.0
2025-10-04T01:45:00,temp_sensor_01,19.76
2025-10-04T01:45:00,lum_sensor_01,0.0
2025-10-04T01:45:00,occ_sensor_01,0.0
2025-10-04T02:00:00,temp_sensor_01,19.1
2025-10-04T02:00:00,lum_sensor_01,0.0
2025-10-04T02:00:00,occ_sensor_01,0.0
2025-10-04T02:15:00,temp_sensor_01,16.17
2025-10-04T02:15:00,lum_sensor_01,0.0
2025-10-04T02:15:00,occ_sensor_01,0.0
2025-10-04T02:30:00,temp_sensor_01,17.98
2025-10-04T02:30:00,lum_sensor_01,0.0
2025-10-04T02:30:00,occ_sensor_01,0.0
2025-10-04T02:45:00,temp_sensor_01,19.78
2025-10-04T02:45:00,lum_sensor_01,0.0
2025-10-04T02:45:00,occ_sensor_01,0.0
2025-10-04T03:00:00,temp_sensor_01,18.67
2025-10-04T03:00:00,lum_sensor_01,0.0
2025-10-04T03:00:00,occ_sensor_01,0.0
2025-10-04T03:15:00,temp_sensor_01,19.97
2025-10-04T03:15:00,lum_sensor_01,0.0
2025-10-04T03:15:00,occ_sensor_01,0.0
2025-10-04T03:30:00,temp_sensor_01,18.56
2025-10-04T03:30:00,lum_sensor_01,0.0
2025-10-04T03:30:00,occ_sensor_01,0.0
2025-10-04T03:45:00,temp_sensor_01,20.5
2025-10-04T03:45:00,lum_sensor_01,0.0
2025-10-04T03:45:00,occ_sensor_01,0.0
2025-10-04T04:00:00,temp_sensor_01,18.94
2025-10-04T04:00:00,lum_sensor_01,0.0
2025-10-04T04:00:00,occ_sensor_01,0.0
2025-10-04T04:15:00,temp_sensor_01,20.35
2025-10-04T04:15:00,lum_sensor_01,0.0
2025-10-04T04:15:00,occ_sensor_01,0.0
2025-10-04T04:30:00,temp_sensor_01,20.08
2025-10-04T04:30:00,lum_sensor_01,0.0
2025-10-04T04:30:00,occ_sensor_01,0.0
2025-10-04T04:45:00,temp_sensor_01,20.06
2025-10-04T04:45:00,lum_sensor_01,0.0
2025-10-04T04:45:00,occ_sensor_01,0.0
2025-10-04T05:00:00,temp_sensor_01,17.55
2025-10-04T05:00:00,lum_sensor_01,0.0
2025-10-04T05:00:00,occ_sensor_01,0.0
2025-10-04T05:15:00,temp_sensor_01,17.31
2025-10-04T05:15:00,lum_sensor_01,0.0
2025-10-04T05:15:00,occ_sensor_01,0.0
2025-10-04T05:30:00,temp_sensor_01,18.11
2025-10-04T05:30:00,lum_sensor_01,0.0
2025-10-04T05:30:00,occ_sensor_01,0.0
2025-10-04T05:45:00,temp_sensor_01,18.75
2025-10-04T05:45:00,lum_sensor_01,0.0
2025-10-04T05:45:00,occ_sensor_01,0.0
2025-10-04T06:00:00,temp_sensor_01,18.8
2025-10-04T06:00:00,lum_sensor_01,479.04
2025-10-04T06:00:00,occ_sensor_01,0.0
2025-10-04T06:15:00,temp_sensor_01,18.25
2025-10-04T06:15:00,lum_sensor_01,380.28
2025-10-04T06:15:00,occ_sensor_01,0.0
2025-10-04T06:30:00,temp_sensor_01,18.18
2025-10-04T06:30:00,lum_sensor_01,441.55
2025-10-04T06:30:00,occ_sensor_01,0.0
2025-10-04T06:45:00,temp_sensor_01,17.82
2025-10-04T06:45:00,lum_sensor_01,521.71
2025-10-04T06:45:00,occ_sensor_01,0.0
2025-10-04T07:00:00,temp_sensor_01,18.38
2025-10-04T07:00:00,lum_sensor_01,318.02
2025-10-04T07:00:00,occ_sensor_01,0.0
2025-10-04T07:15:00,temp_sensor_01,19.02
2025-10-04T07:15:00,lum_sensor_01,427.58
2025-10-04T07:15:00,occ_sensor_01,0.0
2025-10-04T07:30:00,temp_sensor_01,19.31
2025-10-04T07:30:00,lum_sensor_01,451.81
2025-10-04T07:30:00,occ_sensor_01,0.0
2025-10-04T07:45:00,temp_sensor_01,19.13
2025-10-04T07:45:00,lum_sensor_01,432.49
2025-10-04T07:45:00,occ_sensor_01,0.0
2025-10-04T08:00:00,temp_sensor_01,21.31
2025-10-04T08:00:00,lum_sensor_01,472.29
2025-10-04T08:00:00,occ_sensor_01,1.0
2025-10-04T08:15:00,temp_sensor_01,21.08
2025-10-04T08:15:00,lum_sensor_01,347.44
2025-10-04T08:15:00,occ_sensor_01,1.0
2025-10-04T08:30:00,temp_sensor_01,22.55
2025-10-04T08:30:00,lum_sensor_01,418.37
2025-10-04T08:30:00,occ_sensor_01,1.0
2025-10-04T08:45:00,temp_sensor_01,21.39
2025-10-04T08:45:00,lum_sensor_01,423.53
2025-10-04T08:45:00,occ_sensor_01,1.0
2025-10-04T09:00:00,temp_sensor_01,25.42
2025-10-04T09:00:00,lum_sensor_01,411.22
2025-10-04T09:00:00,occ_sensor_01,0.0
2025-10-04T09:15:00,temp_sensor_01,23.31
2025-10-04T09:15:00,lum_sensor_01,456.02
2025-10-04T09:15:00,occ_sensor_01,1.0
2025-10-04T09:30:00,temp_sensor_01,20.77
2025-10-04T09:30:00,lum_sensor_01,423.91
2025-10-04T09:30:00,occ_sensor_01,0.0
2025-10-04T09:45:00,temp_sensor_01,22.85
2025-10-04T09:45:00,lum_sensor_01,377.89
2025-10-04T09:45:00,occ_sensor_01,1.0
2025-10-04T10:00:00,temp_sensor_01,20.95
2025-10-04T10:00:00,lum_sensor_01,353.28
2025-10-04T10:00:00,occ_sensor_01,1.0
2025-10-04T10:15:00,temp_sensor_01,19.67
2025-10-04T10:15:00,lum_sensor_01,425.84
2025-10-04T10:15:00,occ_sensor_01,1.0
2025-10-04T10:30:00,temp_sensor_01,24.54
2025-10-04T10:30:00,lum_sensor_01,424.97
2025-10-04T10:30:00,occ_sensor_01,1.0
2025-10-04T10:45:00,temp_sensor_01,24.84
2025-10-04T10:45:00,lum_sensor_01,354.44
2025-10-04T10:45:00,occ_sensor_01,1.0
2025-10-04T11:00:00,temp_sensor_01,23.78
2025-10-04T11:00:00,lum_sensor_01,344.27
2025-10-04T11:00:00,occ_sensor_01,1.0
2025-10-04T11:15:00,temp_sensor_01,21.25
2025-10-04T11:15:00,lum_sensor_01,459.27
2025-10-04T11:15:00,occ_sensor_01,0.0
2025-10-04T11:30:00,temp_sensor_01,22.08
2025-10-04T11:30:00,lum_sensor_01,363.29
2025-10-04T11:30:00,occ_sensor_01,1.0
2025-10-04T11:45:00,temp_sensor_01,20.79
2025-10-04T11:45:00,lum_sensor_01,368.75
2025-10-04T11:45:00,occ_sensor_01,1.0
2025-10-04T12:00:00,temp_sensor_01,23.75
2025-10-04T12:00:00,lum_sensor_01,489.48
2025-10-04T12:00:00,occ_sensor_01,1.0
2025-10-04T12:15:00,temp_sensor_01,20.65
2025-10-04T12:15:00,lum_sensor_01,491.34
2025-10-04T12:15:00,occ_sensor_01,1.0
2025-10-04T12:30:00,temp_sensor_01,21.85
2025-10-04T12:30:00,lum_sensor_01,314.23
2025-10-04T12:30:00,occ_sensor_01,1.0
2025-10-04T12:45:00,temp_sensor_01,20.37
2025-10-04T12:45:00,lum_sensor_01,351.78
2025-10-04T12:45:00,occ_sensor_01,1.0
2025-10-04T13:00:00,temp_sensor_01,21.73
2025-10-04T13:00:00,lum_sensor_01,357.79
2025-10-04T13:00:00,occ_sensor_01,0.0
2025-10-04T13:15:00,temp_sensor_01,23.73
2025-10-04T13:15:00,lum_sensor_01,374.11
2025-10-04T13:15:00,occ_sensor_01,1.0
2025-10-04T13:30:00,temp_sensor_01,20.99
2025-10-04T13:30:00,lum_sensor_01,417.49
2025-10-04T13:30:00,occ_sensor_01,1.0
2025-10-04T13:45:00,temp_sensor_01,20.62
2025-10-04T13:45:00,lum_sensor_01,388.07
2025-10-04T13:45:00,occ_sensor_01,1.0
2025-10-04T14:00:00,temp_sensor_01,23.99
2025-10-04T14:00:00,lum_sensor_01,401.03
2025-10-04T14:00:00,occ_sensor_01,1.0
2025-10-04T14:15:00,temp_sensor_01,20.47
2025-10-04T14:15:00,lum_sensor_01,401.23
2025-10-04T14:15:00,occ_sensor_01,0.0
2025-10-04T14:30:00,temp_sensor_01,25.0
2025-10-04T14:30:00,lum_sensor_01,372.15
2025-10-04T14:30:00,occ_sensor_01,0.0
2025-10-04T14:45:00,temp_sensor_01,20.48
2025-10-04T14:45:00,lum_sensor_01,437.82
2025-10-04T14:45:00,occ_sensor_01,0.0
2025-10-04T15:00:00,temp_sensor_01,24.57
2025-10-04T15:00:00,lum_sensor_01,369.88
2025-10-04T15:00:00,occ_sensor_01,1.0
2025-10-04T15:15:00,temp_sensor_01,23.27
2025-10-04T15:15:00,lum_sensor_01,405.0
2025-10-04T15:15:00,occ_sensor_01,0.0
2025-10-04T15:30:00,temp_sensor_01,23.19
2025-10-04T15:30:00,lum_sensor_01,346.6
2025-10-04T15:30:00,occ_sensor_01,1.0
2025-10-04T15:45:00,temp_sensor_01,20.38
2025-10-04T15:45:00,lum_sensor_01,374.46
2025-10-04T15:45:00,occ_sensor_01,1.0
2025-10-04T16:00:00,temp_sensor_01,23.48
2025-10-04T16:00:00,lum_sensor_01,444.62
2025-10-04T16:00:00,occ_sensor_01,1.0
2025-10-04T16:15:00,temp_sensor_01,23.08
2025-10-04T16:15:00,lum_sensor_01,359.62
2025-10-04T16:15:00,occ_sensor_01,1.0
2025-10-04T16:30:00,temp_sensor_01,20.62
2025-10-04T16:30:00,lum_sensor_01,389.36
2025-10-04T16:30:00,occ_sensor_01,1.0
2025-10-04T16:45:00,temp_sensor_01,21.88
2025-10-04T16:45:00,lum_sensor_01,415.14
2025-10-04T16:45:00,occ_sensor_01,1.0
2025-10-04T17:00:00,temp_sensor_01,19.93
2025-10-04T17:00:00,lum_sensor_01,438.07
2025-10-04T17:00:00,occ_sensor_01,1.0
2025-10-04T17:15:00,temp_sensor_01,21.96
2025-10-04T17:15:00,lum_sensor_01,374.94
2025-10-04T17:15:00,occ_sensor_01,1.0
2025-10-04T17:30:00,temp_sensor_01,19.03
2025-10-04T17:30:00,lum_sensor_01,405.68
2025-10-04T17:30:00,occ_sensor_01,1.0
2025-10-04T17:45:00,temp_sensor_01,24.88
2025-10-04T17:45:00,lum_sensor_01,449.32
2025-10-04T17:45:00,occ_sensor_01,1.0
2025-10-04T18:00:00,temp_sensor_01,22.13
2025-10-04T18:00:00,lum_sensor_01,324.52
2025-10-04T18:00:00,occ_sensor_01,1.0
2025-10-04T18:15:00,temp_sensor_01,24.34
2025-10-04T18:15:00,lum_sensor_01,384.23
2025-10-04T18:15:00,occ_sensor_01,1.0
2025-10-04T18:30:00,temp_sensor_01,22.26
2025-10-04T18:30:00,lum_sensor_01,464.87
2025-10-04T18:30:00,occ_sensor_01,1.0
2025-10-04T18:45:00,temp_sensor_01,23.29
2025-10-04T18:45:00,lum_sensor_01,428.88
2025-10-04T18:45:00,occ_sensor_01,0.0
2025-10-04T19:00:00,temp_sensor_01,18.67
2025-10-04T19:00:00,lum_sensor_01,0.0
2025-10-04T19:00:00,occ_sensor_01,0.0
2025-10-04T19:15:00,temp_sensor_01,18.21
2025-10-04T19:15:00,lum_sensor_01,0.0
2025-10-04T19:15:00,occ_sensor_01,0.0
2025-10-04T19:30:00,temp_sensor_01,18.94
2025-10-04T19:30:00,lum_sensor_01,0.0
2025-10-04T19:30:00,occ_sensor_01,0.0
2025-10-04T19:45:00,temp_sensor_01,16.88
2025-10-04T19:45:00,lum_sensor_01,0.0
2025-10-04T19:45:00,occ_sensor_01,0.0
2025-10-04T20:00:00,temp_sensor_01,19.41
2025-10-04T20:00:00,lum_sensor_01,0.0
2025-10-04T20:00:00,occ_sensor_01,0.0
2025-10-04T20:15:00,temp_sensor_01,19.21
2025-10-04T20:15:00,lum_sensor_01,0.0
2025-10-04T20:15:00,occ_sensor_01,0.0
2025-10-04T20:30:00,temp_sensor_01,18.51
2025-10-04T20:30:00,lum_sensor_01,0.0
2025-10-04T20:30:00,occ_sensor_01,0.0
2025-10-04T20:45:00,temp_sensor_01,19.73
2025-10-04T20:45:00,lum_sensor_01,0.0
2025-10-04T20:45:00,occ_sensor_01,0.0
2025-10-04T21:00:00,temp_sensor_01,17.78
2025-10-04T21:00:00,lum_sensor_01,0.0
2025-10-04T21:00:00,occ_sensor_01,0.0
2025-10-04T21:15:00,temp_sensor_01,18.45
2025-10-04T21:15:00,lum_sensor_01,0.0
2025-10-04T21:15:00,occ_sensor_01,0.0
2025-10-04T21:30:00,temp_sensor_01,18.04
2025-10-04T21:30:00,lum_sensor_01,0.0
2025-10-04T21:30:00,occ_sensor_01,0.0
2025-10-04T21:45:00,temp_sensor_01,18.93
2025-10-04T21:45:00,lum_sensor_01,0.0
2025-10-04T21:45:00,occ_sensor_01,0.0
2025-10-04T22:00:00,temp_sensor_01,17.72
2025-10-04T22:00:00,lum_sensor_01,0.0
2025-10-04T22:00:00,occ_sensor_01,0.0
2025-10-04T22:15:00,temp_sensor_01,20.11
2025-10-04T22:15:00,lum_sensor_01,0.0
2025-10-04T22:15:00,occ_sensor_01,0.0
2025-10-04T22:30:00,temp_sensor_01,20.46
2025-10-04T22:30:00,lum_sensor_01,0.0
2025-10-04T22:30:00,occ_sensor_01,0.0
2025-10-04T22:45:00,temp_sensor_01,16.9
2025-10-04T22:45:00,lum_sensor_01,0.0
2025-10-04T22:45:00,occ_sensor_01,0.0
2025-10-04T23:00:00,temp_sensor_01,19.43
2025-10-04T23:00:00,lum_sensor_01,0.0
2025-10-04T23:00:00,occ_sensor_01,0.0
2025-10-04T23:15:00,temp_sensor_01,18.4
2025-10-04T23:15:00,lum_sensor_01,0.0
2025-10-04T23:15:00,occ_sensor_01,0.0
2025-10-04T23:30:00,temp_sensor_01,18.17
2025-10-04T23:30:00,lum_sensor_01,0.0
2025-10-04T23:30:00,occ_sensor_01,0.0
2025-10-04T23:45:00,temp_sensor_01,20.47
2025-10-04T23:45:00,lum_sensor_01,0.0
2025-10-04T23:45:00,occ_sensor_01,0.0
2025-10-05T00:00:00,temp_sensor_01,18.7
2025-10-05T00:00:00,lum_sensor_01,0.0
2025-10-05T00:00:00,occ_sensor_01,0.0
2025-10-05T00:15:00,temp_sensor_01,18.84
2025-10-05T00:15:00,lum_sensor_01,0.0
2025-10-05T00:15:00,occ_sensor_01,0.0
2025-10-05T00:30:00,temp_sensor_01,20.28
2025-10-05T00:30:00,lum_sensor_01,0.0
2025-10-05T00:30:00,occ_sensor_01,0.0
2025-10-05T00:45:00,temp_sensor_01,18.91
2025-10-05T00:45:00,lum_sensor_01,0.0
2025-10-05T00:45:00,occ_sensor_01,0.0
2025-10-05T01:00:00,temp_sensor_01,18.2
2025-10-05T01:00:00,lum_sensor_01,0.0
2025-10-05T01:00:00,occ_sensor_01,0.0
2025-10-05T01:15:00,temp_sensor_01,18.63
2025-10-05T01:15:00,lum_sensor_01,0.0
2025-10-05T01:15:00,occ_sensor_01,0.0
2025-10-05T01:30:00,temp_sensor_01,19.64
2025-10-05T01:30:00,lum_sensor_01,0.0
2025-10-05T01:30:00,occ_sensor_01,0.0
2025-10-05T01:45:00,temp_sensor_01,19.14
2025-10-05T01:45:00,lum_sensor_01,0.0
2025-10-05T01:45:00,occ_sensor_01,0.0
2025-10-05T02:00:00,temp_sensor_01,20.66
2025-10-05T02:00:00,lum_sensor_01,0.0
2025-10-05T02:00:00,occ_sensor_01,0.0
2025-10-05T02:15:00,temp_sensor_01,19.08
2025-10-05T02:15:00,lum_sensor_01,0.0
2025-10-05T02:15:00,occ_sensor_01,0.0
2025-10-05T02:30:00,temp_sensor_01,18.22
2025-10-05T02:30:00,lum_sensor_01,0.0
2025-10-05T02:30:00,occ_sensor_01,0.0
2025-10-05T02:45:00,temp_sensor_01,18.42
2025-10-05T02:45:00,lum_sensor_01,0.0
2025-10-05T02:45:00,occ_sensor_01,0.0
2025-10-05T03:00:00,temp_sensor_01,20.64
2025-10-05T03:00:00,lum_sensor_01,0.0
2025-10-05T03:00:00,occ_sensor_01,0.0
2025-10-05T03:15:00,temp_sensor_01,18.31
2025-10-05T03:15:00,lum_sensor_01,0.0
2025-10-05T03:15:00,occ_sensor_01,0.0
2025-10-05T03:30:00,temp_sensor_01,19.83
2025-10-05T03:30:00,lum_sensor_01,0.0
2025-10-05T03:30:00,occ_sensor_01,0.0
2025-10-05T03:45:00,temp_sensor_01,18.23
2025-10-05T03:45:00,lum_sensor_01,0.0
2025-10-05T03:45:00,occ_sensor_01,0.0
2025-10-05T04:00:00,temp_sensor_01,17.34
2025-10-05T04:00:00,lum_sensor_01,0.0
2025-10-05T04:00:00,occ_sensor_01,0.0
2025-10-05T04:15:00,temp_sensor_01,18.96
2025-10-05T04:15:00,lum_sensor_01,0.0
2025-10-05T04:15:00,occ_sensor_01,0.0
2025-10-05T04:30:00,temp_sensor_01,18.94
2025-10-05T04:30:00,lum_sensor_01,0.0
2025-10-05T04:30:00,occ_sensor_01,0.0
2025-10-05T04:45:00,temp_sensor_01,17.75
2025-10-05T04:45:00,lum_sensor_01,0.0
2025-10-05T04:45:00,occ_sensor_01,0.0
2025-10-05T05:00:00,temp_sensor_01,18.76
2025-10-05T05:00:00,lum_sensor_01,0.0
2025-10-05T05:00:00,occ_sensor_01,0.0
2025-10-05T05:15:00,temp_sensor_01,19.18
2025-10-05T05:15:00,lum_sensor_01,0.0
2025-10-05T05:15:00,occ_sensor_01,0.0
2025-10-05T05:30:00,temp_sensor_01,17.5
2025-10-05T05:30:00,lum_sensor_01,0.0
2025-10-05T05:30:00,occ_sensor_01,0.0
2025-10-05T05:45:00,temp_sensor_01,17.99
2025-10-05T05:45:00,lum_sensor_01,0.0
2025-10-05T05:45:00,occ_sensor_01,0.0
2025-10-05T06:00:00,temp_sensor_01,19.81
2025-10-05T06:00:00,lum_sensor_01,412.8
2025-10-05T06:00:00,occ_sensor_01,0.0
2025-10-05T06:15:00,temp_sensor_01,19.9
2025-10-05T06:15:00,lum_sensor_01,467.45
2025-10-05T06:15:00,occ_sensor_01,0.0
2025-10-05T06:30:00,temp_sensor_01,17.32
2025-10-05T06:30:00,lum_sensor_01,277.09
2025-10-05T06:30:00,occ_sensor_01,0.0
2025-10-05T06:45:00,temp_sensor_01,17.03
2025-10-05T06:45:00,lum_sensor_01,346.67
2025-10-05T06:45:00,occ_sensor_01,0.0
2025-10-05T07:00:00,temp_sensor_01,18.91
2025-10-05T07:00:00,lum_sensor_01,401.19
2025-10-05T07:00:00,occ_sensor_01,0.0
2025-10-05T07:15:00,temp_sensor_01,19.94
2025-10-05T07:15:00,lum_sensor_01,446.37
2025-10-05T07:15:00,occ_sensor_01,0.0
2025-10-05T07:30:00,temp_sensor_01,17.53
2025-10-05T07:30:00,lum_sensor_01,420.98
2025-10-05T07:30:00,occ_sensor_01,0.0
2025-10-05T07:45:00,temp_sensor_01,18.5
2025-10-05T07:45:00,lum_sensor_01,372.19
2025-10-05T07:45:00,occ_sensor_01,0.0
2025-10-05T08:00:00,temp_sensor_01,21.93
2025-10-05T08:00:00,lum_sensor_01,348.0
2025-10-05T08:00:00,occ_sensor_01,1.0
2025-10-05T08:15:00,temp_sensor_01,22.05
2025-10-05T08:15:00,lum_sensor_01,361.58
2025-10-05T08:15:00,occ_sensor_01,1.0
2025-10-05T08:30:00,temp_sensor_01,21.03
2025-10-05T08:30:00,lum_sensor_01,357.57
2025-10-05T08:30:00,occ_sensor_01,1.0
2025-10-05T08:45:00,temp_sensor_01,24.01
2025-10-05T08:45:00,lum_sensor_01,400.29
2025-10-05T08:45:00,occ_sensor_01,1.0
2025-10-05T09:00:00,temp_sensor_01,23.88
2025-10-05T09:00:00,lum_sensor_01,452.68
2025-10-05T09:00:00,occ_sensor_01,1.0
2025-10-05T09:15:00,temp_sensor_01,22.24
2025-10-05T09:15:00,lum_sensor_01,337.04
2025-10-05T09:15:00,occ_sensor_01,1.0
2025-10-05T09:30:00,temp_sensor_01,22.07
2025-10-05T09:30:00,lum_sensor_01,408.5
2025-10-05T09:30:00,occ_sensor_01,1.0
2025-10-05T09:45:00,temp_sensor_01,20.39
2025-10-05T09:45:00,lum_sensor_01,334.2
2025-10-05T09:45:00,occ_sensor_01,1.0
2025-10-05T10:00:00,temp_sensor_01,20.44
2025-10-05T10:00:00,lum_sensor_01,403.24
2025-10-05T10:00:00,occ_sensor_01,1.0
2025-10-05T10:15:00,temp_sensor_01,22.39
2025-10-05T10:15:00,lum_sensor_01,437.45
2025-10-05T10:15:00,occ_sensor_01,1.0
2025-10-05T10:30:00,temp_sensor_01,21.3
2025-10-05T10:30:00,lum_sensor_01,405.85
2025-10-05T10:30:00,occ_sensor_01,1.0
2025-10-05T10:45:00,temp_sensor_01,22.2
2025-10-05T10:45:00,lum_sensor_01,354.61
2025-10-05T10:45:00,occ_sensor_01,1.0
2025-10-05T11:00:00,temp_sensor_01,20.36
2025-10-05T11:00:00,lum_sensor_01,399.17
2025-10-05T11:00:00,occ_sensor_01,1.0
2025-10-05T11:15:00,temp_sensor_01,22.82
2025-10-05T11:15:00,lum_sensor_01,418.87
2025-10-05T11:15:00,occ_sensor_01,1.0
2025-10-05T11:30:00,temp_sensor_01,21.55
2025-10-05T11:30:00,lum_sensor_01,310.2
2025-10-05T11:30:00,occ_sensor_01,0.0
2025-10-05T11:45:00,temp_sensor_01,22.37
2025-10-05T11:45:00,lum_sensor_01,445.42
2025-10-05T11:45:00,occ_sensor_01,0.0
2025-10-05T12:00:00,temp_sensor_01,21.39
2025-10-05T12:00:00,lum_sensor_01,431.32
2025-10-05T12:00:00,occ_sensor_01,1.0
2025-10-05T12:15:00,temp_sensor_01,20.23
2025-10-05T12:15:00,lum_sensor_01,447.23
2025-10-05T12:15:00,occ_sensor_01,1.0
2025-10-05T12:30:00,temp_sensor_01,23.48
2025-10-05T12:30:00,lum_sensor_01,575.45
2025-10-05T12:30:00,occ_sensor_01,1.0
2025-10-05T12:45:00,temp_sensor_01,20.99
2025-10-05T12:45:00,lum_sensor_01,473.02
2025-10-05T12:45:00,occ_sensor_01,1.0
2025-10-05T13:00:00,temp_sensor_01,22.9
2025-10-05T13:00:00,lum_sensor_01,484.13
2025-10-05T13:00:00,occ_sensor_01,1.0
2025-10-05T13:15:00,temp_sensor_01,22.93
2025-10-05T13:15:00,lum_sensor_01,426.05
2025-10-05T13:15:00,occ_sensor_01,1.0
2025-10-05T13:30:00,temp_sensor_01,21.11
2025-10-05T13:30:00,lum_sensor_01,371.57
2025-10-05T13:30:00,occ_sensor_01,1.0
2025-10-05T13:45:00,temp_sensor_01,21.52
2025-10-05T13:45:00,lum_sensor_01,372.37
2025-10-05T13:45:00,occ_sensor_01,1.0
2025-10-05T14:00:00,temp_sensor_01,23.91
2025-10-05T14:00:00,lum_sensor_01,367.26
2025-10-05T14:00:00,occ_sensor_01,1.0
2025-10-05T14:15:00,temp_sensor_01,21.95
2025-10-05T14:15:00,lum_sensor_01,504.86
2025-10-05T14:15:00,occ_sensor_01,1.0
2025-10-05T14:30:00,temp_sensor_01,23.91
2025-10-05T14:30:00,lum_sensor_01,361.36
2025-10-05T14:30:00,occ_sensor_01,0.0
2025-10-05T14:45:00,temp_sensor_01,20.85
2025-10-05T14:45:00,lum_sensor_01,381.79
2025-10-05T14:45:00,occ_sensor_01,0.0
2025-10-05T15:00:00,temp_sensor_01,22.94
2025-10-05T15:00:00,lum_sensor_01,376.44
2025-10-05T15:00:00,occ_sensor_01,1.0
2025-10-05T15:15:00,temp_sensor_01,22.36
2025-10-05T15:15:00,lum_sensor_01,468.15
2025-10-05T15:15:00,occ_sensor_01,1.0
2025-10-05T15:30:00,temp_sensor_01,21.16
2025-10-05T15:30:00,lum_sensor_01,441.7
2025-10-05T15:30:00,occ_sensor_01,1.0
2025-10-05T15:45:00,temp_sensor_01,21.46
2025-10-05T15:45:00,lum_sensor_01,485.88
2025-10-05T15:45:00,occ_sensor_01,1.0
2025-10-05T16:00:00,temp_sensor_01,24.04
2025-10-05T16:00:00,lum_sensor_01,376.27
2025-10-05T16:00:00,occ_sensor_01,1.0
2025-10-05T16:15:00,temp_sensor_01,22.93
2025-10-05T16:15:00,lum_sensor_01,343.95
2025-10-05T16:15:00,occ_sensor_01,1.0
2025-10-05T16:30:00,temp_sensor_01,21.06
2025-10-05T16:30:00,lum_sensor_01,388.3
2025-10-05T16:30:00,occ_sensor_01,1.0
2025-10-05T16:45:00,temp_sensor_01,20.77
2025-10-05T16:45:00,lum_sensor_01,371.0
2025-10-05T16:45:00,occ_sensor_01,1.0
2025-10-05T17:00:00,temp_sensor_01,22.32
2025-10-05T17:00:00,lum_sensor_01,452.77
2025-10-05T17:00:00,occ_sensor_01,1.0
2025-10-05T17:15:00,temp_sensor_01,22.0
2025-10-05T17:15:00,lum_sensor_01,410.76
2025-10-05T17:15:00,occ_sensor_01,0.0
2025-10-05T17:30:00,temp_sensor_01,19.85
2025-10-05T17:30:00,lum_sensor_01,436.07
2025-10-05T17:30:00,occ_sensor_01,1.0
2025-10-05T17:45:00,temp_sensor_01,19.16
2025-10-05T17:45:00,lum_sensor_01,433.71
2025-10-05T17:45:00,occ_sensor_01,1.0
2025-10-05T18:00:00,temp_sensor_01,21.3
2025-10-05T18:00:00,lum_sensor_01,423.09
2025-10-05T18:00:00,occ_sensor_01,1.0
2025-10-05T18:15:00,temp_sensor_01,24.48
2025-10-05T18:15:00,lum_sensor_01,400.44
2025-10-05T18:15:00,occ_sensor_01,1.0
2025-10-05T18:30:00,temp_sensor_01,22.31
2025-10-05T18:30:00,lum_sensor_01,375.02
2025-10-05T18:30:00,occ_sensor_01,1.0
2025-10-05T18:45:00,temp_sensor_01,25.77
2025-10-05T18:45:00,lum_sensor_01,477.54
2025-10-05T18:45:00,occ_sensor_01,0.0
2025-10-05T19:00:00,temp_sensor_01,19.67
2025-10-05T19:00:00,lum_sensor_01,0.0
2025-10-05T19:00:00,occ_sensor_01,0.0
2025-10-05T19:15:00,temp_sensor_01,18.52
2025-10-05T19:15:00,lum_sensor_01,0.0
2025-10-05T19:15:00,occ_sensor_01,0.0
2025-10-05T19:30:00,temp_sensor_01,19.34
2025-10-05T19:30:00,lum_sensor_01,0.0
2025-10-05T19:30:00,occ_sensor_01,0.0
2025-10-05T19:45:00,temp_sensor_01,17.76
2025-10-05T19:45:00,lum_sensor_01,0.0
2025-10-05T19:45:00,occ_sensor_01,0.0
2025-10-05T20:00:00,temp_sensor_01,18.01
2025-10-05T20:00:00,lum_sensor_01,0.0
2025-10-05T20:00:00,occ_sensor_01,0.0
2025-10-05T20:15:00,temp_sensor_01,19.87
2025-10-05T20:15:00,lum_sensor_01,0.0
2025-10-05T20:15:00,occ_sensor_01,0.0
2025-10-05T20:30:00,temp_sensor_01,19.76
2025-10-05T20:30:00,lum_sensor_01,0.0
2025-10-05T20:30:00,occ_sensor_01,0.0
2025-10-05T20:45:00,temp_sensor_01,18.56
2025-10-05T20:45:00,lum_sensor_01,0.0
2025-10-05T20:45:00,occ_sensor_01,0.0
2025-10-05T21:00:00,temp_sensor_01,20.53
2025-10-05T21:00:00,lum_sensor_01,0.0
2025-10-05T21:00:00,occ_sensor_01,0.0
2025-10-05T21:15:00,temp_sensor_01,18.69
2025-10-05T21:15:00,lum_sensor_01,0.0
2025-10-05T21:15:00,occ_sensor_01,0.0
2025-10-05T21:30:00,temp_sensor_01,16.5
2025-10-05T21:30:00,lum_sensor_01,0.0
2025-10-05T21:30:00,occ_sensor_01,0.0
2025-10-05T21:45:00,temp_sensor_01,18.11
2025-10-05T21:45:00,lum_sensor_01,0.0
2025-10-05T21:45:00,occ_sensor_01,0.0
2025-10-05T22:00:00,temp_sensor_01,18.95
2025-10-05T22:00:00,lum_sensor_01,0.0
2025-10-05T22:00:00,occ_sensor_01,0.0
2025-10-05T22:15:00,temp_sensor_01,19.88
2025-10-05T22:15:00,lum_sensor_01,0.0
2025-10-05T22:15:00,occ_sensor_01,0.0
2025-10-05T22:30:00,temp_sensor_01,19.8
2025-10-05T22:30:00,lum_sensor_01,0.0
2025-10-05T22:30:00,occ_sensor_01,0.0
2025-10-05T22:45:00,temp_sensor_01,19.43
2025-10-05T22:45:00,lum_sensor_01,0.0
2025-10-05T22:45:00,occ_sensor_01,0.0
2025-10-05T23:00:00,temp_sensor_01,17.71
2025-10-05T23:00:00,lum_sensor_01,0.0
2025-10-05T23:00:00,occ_sensor_01,0.0
2025-10-05T23:15:00,temp_sensor_01,18.74
2025-10-05T23:15:00,lum_sensor_01,0.0
2025-10-05T23:15:00,occ_sensor_01,0.0
2025-10-05T23:30:00,temp_sensor_01,18.64
2025-10-05T23:30:00,lum_sensor_01,0.0
2025-10-05T23:30:00,occ_sensor_01,0.0
2025-10-05T23:45:00,temp_sensor_01,18.03
2025-10-05T23:45:00,lum_sensor_01,0.0
2025-10-05T23:45:00,occ_sensor_01,0.0
2025-10-06T00:00:00,temp_sensor_01,18.51
2025-10-06T00:00:00,lum_sensor_01,0.0
2025-10-06T00:00:00,occ_sensor_01,0.0
2025-10-06T00:15:00,temp_sensor_01,19.08
2025-10-06T00:15:00,lum_sensor_01,0.0
2025-10-06T00:15:00,occ_sensor_01,0.0
2025-10-06T00:30:00,temp_sensor_01,18.53
2025-10-06T00:30:00,lum_sensor_01,0.0
2025-10-06T00:30:00,occ_sensor_01,0.0
2025-10-06T00:45:00,temp_sensor_01,19.35
2025-10-06T00:45:00,lum_sensor_01,0.0
2025-10-06T00:45:00,occ_sensor_01,0.0
2025-10-06T01:00:00,temp_sensor_01,17.05
2025-10-06T01:00:00,lum_sensor_01,0.0
2025-10-06T01:00:00,occ_sensor_01,0.0
2025-10-06T01:15:00,temp_sensor_01,19.21
2025-10-06T01:15:00,lum_sensor_01,0.0
2025-10-06T01:15:00,occ_sensor_01,0.0
2025-10-06T01:30:00,temp_sensor_01,18.66
2025-10-06T01:30:00,lum_sensor_01,0.0
2025-10-06T01:30:00,occ_sensor_01,0.0
2025-10-06T01:45:00,temp_sensor_01,18.35
2025-10-06T01:45:00,lum_sensor_01,0.0
2025-10-06T01:45:00,occ_sensor_01,0.0
2025-10-06T02:00:00,temp_sensor_01,19.19
2025-10-06T02:00:00,lum_sensor_01,0.0
2025-10-06T02:00:00,occ_sensor_01,0.0
2025-10-06T02:15:00,temp_sensor_01,19.07
2025-10-06T02:15:00,lum_sensor_01,0.0
2025-10-06T02:15:00,occ_sensor_01,0.0
2025-10-06T02:30:00,temp_sensor_01,20.5
2025-10-06T02:30:00,lum_sensor_01,0.0
2025-10-06T02:30:00,occ_sensor_01,0.0
2025-10-06T02:45:00,temp_sensor_01,19.64
2025-10-06T02:45:00,lum_sensor_01,0.0
2025-10-06T02:45:00,occ_sensor_01,0.0
2025-10-06T03:00:00,temp_sensor_01,20.35
2025-10-06T03:00:00,lum_sensor_01,0.0
2025-10-06T03:00:00,occ_sensor_01,0.0
2025-10-06T03:15:00,temp_sensor_01,19.48
2025-10-06T03:15:00,lum_sensor_01,0.0
2025-10-06T03:15:00,occ_sensor_01,0.0
2025-10-06T03:30:00,temp_sensor_01,19.08
2025-10-06T03:30:00,lum_sensor_01,0.0
2025-10-06T03:30:00,occ_sensor_01,0.0
2025-10-06T03:45:00,temp_sensor_01,19.9
2025-10-06T03:45:00,lum_sensor_01,0.0
2025-10-06T03:45:00,occ_sensor_01,0.0
2025-10-06T04:00:00,temp_sensor_01,18.6
2025-10-06T04:00:00,lum_sensor_01,0.0
2025-10-06T04:00:00,occ_sensor_01,0.0
2025-10-06T04:15:00,temp_sensor_01,17.91
2025-10-06T04:15:00,lum_sensor_01,0.0
2025-10-06T04:15:00,occ_sensor_01,0.0
2025-10-06T04:30:00,temp_sensor_01,19.33
2025-10-06T04:30:00,lum_sensor_01,0.0
2025-10-06T04:30:00,occ_sensor_01,0.0
2025-10-06T04:45:00,temp_sensor_01,18.3
2025-10-06T04:45:00,lum_sensor_01,0.0
2025-10-06T04:45:00,occ_sensor_01,0.0
2025-10-06T05:00:00,temp_sensor_01,18.17
2025-10-06T05:00:00,lum_sensor_01,0.0
2025-10-06T05:00:00,occ_sensor_01,0.0
2025-10-06T05:15:00,temp_sensor_01,18.81
2025-10-06T05:15:00,lum_sensor_01,0.0
2025-10-06T05:15:00,occ_sensor_01,0.0
2025-10-06T05:30:00,temp_sensor_01,19.79
2025-10-06T05:30:00,lum_sensor_01,0.0
2025-10-06T05:30:00,occ_sensor_01,1.0
2025-10-06T05:45:00,temp_sensor_01,19.97
2025-10-06T05:45:00,lum_sensor_01,0.0
2025-10-06T05:45:00,occ_sensor_01,0.0
2025-10-06T06:00:00,temp_sensor_01,19.48
2025-10-06T06:00:00,lum_sensor_01,451.02
2025-10-06T06:00:00,occ_sensor_01,0.0
2025-10-06T06:15:00,temp_sensor_01,19.94
2025-10-06T06:15:00,lum_sensor_01,365.49
2025-10-06T06:15:00,occ_sensor_01,0.0
2025-10-06T06:30:00,temp_sensor_01,16.17
2025-10-06T06:30:00,lum_sensor_01,311.61
2025-10-06T06:30:00,occ_sensor_01,0.0
2025-10-06T06:45:00,temp_sensor_01,19.85
2025-10-06T06:45:00,lum_sensor_01,466.16
2025-10-06T06:45:00,occ_sensor_01,0.0
2025-10-06T07:00:00,temp_sensor_01,19.04
2025-10-06T07:00:00,lum_sensor_01,393.81
2025-10-06T07:00:00,occ_sensor_01,0.0
2025-10-06T07:15:00,temp_sensor_01,20.83
2025-10-06T07:15:00,lum_sensor_01,335.21
2025-10-06T07:15:00,occ_sensor_01,0.0
2025-10-06T07:30:00,temp_sensor_01,19.02
2025-10-06T07:30:00,lum_sensor_01,355.64
2025-10-06T07:30:00,occ_sensor_01,0.0
2025-10-06T07:45:00,temp_sensor_01,18.52
2025-10-06T07:45:00,lum_sensor_01,305.79
2025-10-06T07:45:00,occ_sensor_01,0.0
2025-10-06T08:00:00,temp_sensor_01,20.86
2025-10-06T08:00:00,lum_sensor_01,364.62
2025-10-06T08:00:00,occ_sensor_01,1.0
2025-10-06T08:15:00,temp_sensor_01,22.45
2025-10-06T08:15:00,lum_sensor_01,368.95
2025-10-06T08:15:00,occ_sensor_01,1.0
2025-10-06T08:30:00,temp_sensor_01,22.33
2025-10-06T08:30:00,lum_sensor_01,341.37
2025-10-06T08:30:00,occ_sensor_01,1.0
2025-10-06T08:45:00,temp_sensor_01,21.31
2025-10-06T08:45:00,lum_sensor_01,350.52
2025-10-06T08:45:00,occ_sensor_01,0.0
2025-10-06T09:00:00,temp_sensor_01,23.12
2025-10-06T09:00:00,lum_sensor_01,441.81
2025-10-06T09:00:00,occ_sensor_01,1.0
2025-10-06T09:15:00,temp_sensor_01,20.42
2025-10-06T09:15:00,lum_sensor_01,461.54
2025-10-06T09:15:00,occ_sensor_01,1.0
2025-10-06T09:30:00,temp_sensor_01,22.36
2025-10-06T09:30:00,lum_sensor_01,435.54
2025-10-06T09:30:00,occ_sensor_01,0.0
2025-10-06T09:45:00,temp_sensor_01,20.8
2025-10-06T09:45:00,lum_sensor_01,470.58
2025-10-06T09:45:00,occ_sensor_01,1.0
2025-10-06T10:00:00,temp_sensor_01,20.89
2025-10-06T10:00:00,lum_sensor_01,416.64
2025-10-06T10:00:00,occ_sensor_01,0.0
2025-10-06T10:15:00,temp_sensor_01,21.77
2025-10-06T10:15:00,lum_sensor_01,484.56
2025-10-06T10:15:00,occ_sensor_01,1.0
2025-10-06T10:30:00,temp_sensor_01,24.21
2025-10-06T10:30:00,lum_sensor_01,377.8
2025-10-06T10:30:00,occ_sensor_01,0.0
2025-10-06T10:45:00,temp_sensor_01,22.79
2025-10-06T10:45:00,lum_sensor_01,421.78
2025-10-06T10:45:00,occ_sensor_01,1.0
2025-10-06T11:00:00,temp_sensor_01,25.14
2025-10-06T11:00:00,lum_sensor_01,472.0
2025-10-06T11:00:00,occ_sensor_01,1.0
2025-10-06T11:15:00,temp_sensor_01,22.05
2025-10-06T11:15:00,lum_sensor_01,405.15
2025-10-06T11:15:00,occ_sensor_01,1.0
2025-10-06T11:30:00,temp_sensor_01,22.29
2025-10-06T11:30:00,lum_sensor_01,404.78
2025-10-06T11:30:00,occ_sensor_01,1.0
2025-10-06T11:45:00,temp_sensor_01,21.37
2025-10-06T11:45:00,lum_sensor_01,442.8
2025-10-06T11:45:00,occ_sensor_01,1.0
2025-10-06T12:00:00,temp_sensor_01,22.62
2025-10-06T12:00:00,lum_sensor_01,396.63
2025-10-06T12:00:00,occ_sensor_01,1.0
2025-10-06T12:15:00,temp_sensor_01,23.49
2025-10-06T12:15:00,lum_sensor_01,398.52
2025-10-06T12:15:00,occ_sensor_01,0.0
2025-10-06T12:30:00,temp_sensor_01,19.44
2025-10-06T12:30:00,lum_sensor_01,411.54
2025-10-06T12:30:00,occ_sensor_01,1.0
2025-10-06T12:45:00,temp_sensor_01,22.67
2025-10-06T12:45:00,lum_sensor_01,326.92
2025-10-06T12:45:00,occ_sensor_01,1.0
2025-10-06T13:00:00,temp_sensor_01,22.0
2025-10-06T13:00:00,lum_sensor_01,365.98
2025-10-06T13:00:00,occ_sensor_01,1.0
2025-10-06T13:15:00,temp_sensor_01,22.66
2025-10-06T13:15:00,lum_sensor_01,481.29
2025-10-06T13:15:00,occ_sensor_01,1.0
2025-10-06T13:30:00,temp_sensor_01,20.85
2025-10-06T13:30:00,lum_sensor_01,311.94
2025-10-06T13:30:00,occ_sensor_01,1.0
2025-10-06T13:45:00,temp_sensor_01,24.47
2025-10-06T13:45:00,lum_sensor_01,396.48
2025-10-06T13:45:00,occ_sensor_01,1.0
2025-10-06T14:00:00,temp_sensor_01,24.53
2025-10-06T14:00:00,lum_sensor_01,331.07
2025-10-06T14:00:00,occ_sensor_01,1.0
2025-10-06T14:15:00,temp_sensor_01,20.76
2025-10-06T14:15:00,lum_sensor_01,400.22
2025-10-06T14:15:00,occ_sensor_01,0.0
2025-10-06T14:30:00,temp_sensor_01,20.93
2025-10-06T14:30:00,lum_sensor_01,365.9
2025-10-06T14:30:00,occ_sensor_01,1.0
2025-10-06T14:45:00,temp_sensor_01,23.01
2025-10-06T14:45:00,lum_sensor_01,374.35
2025-10-06T14:45:00,occ_sensor_01,1.0
2025-10-06T15:00:00,temp_sensor_01,19.11
2025-10-06T15:00:00,lum_sensor_01,371.9
2025-10-06T15:00:00,occ_sensor_01,1.0
2025-10-06T15:15:00,temp_sensor_01,22.44
2025-10-06T15:15:00,lum_sensor_01,441.34
2025-10-06T15:15:00,occ_sensor_01,1.0
2025-10-06T15:30:00,temp_sensor_01,20.63
2025-10-06T15:30:00,lum_sensor_01,432.73
2025-10-06T15:30:00,occ_sensor_01,1.0
2025-10-06T15:45:00,temp_sensor_01,25.02
2025-10-06T15:45:00,lum_sensor_01,446.14
2025-10-06T15:45:00,occ_sensor_01,1.0
2025-10-06T16:00:00,temp_sensor_01,22.11
2025-10-06T16:00:00,lum_sensor_01,369.35
2025-10-06T16:00:00,occ_sensor_01,1.0
2025-10-06T16:15:00,temp_sensor_01,22.61
2025-10-06T16:15:00,lum_sensor_01,422.53
2025-10-06T16:15:00,occ_sensor_01,1.0
2025-10-06T16:30:00,temp_sensor_01,21.75
2025-10-06T16:30:00,lum_sensor_01,326.4
2025-10-06T16:30:00,occ_sensor_01,1.0
2025-10-06T16:45:00,temp_sensor_01,22.41
2025-10-06T16:45:00,lum_sensor_01,527.51
2025-10-06T16:45:00,occ_sensor_01,1.0
2025-10-06T17:00:00,temp_sensor_01,20.16
2025-10-06T17:00:00,lum_sensor_01,439.82
2025-10-06T17:00:00,occ_sensor_01,1.0
2025-10-06T17:15:00,temp_sensor_01,20.4
2025-10-06T17:15:00,lum_sensor_01,354.24
2025-10-06T17:15:00,occ_sensor_01,0.0
2025-10-06T17:30:00,temp_sensor_01,22.7
2025-10-06T17:30:00,lum_sensor_01,435.7
2025-10-06T17:30:00,occ_sensor_01,0.0
2025-10-06T17:45:00,temp_sensor_01,22.19
2025-10-06T17:45:00,lum_sensor_01,415.16
2025-10-06T17:45:00,occ_sensor_01,1.0
2025-10-06T18:00:00,temp_sensor_01,23.1
2025-10-06T18:00:00,lum_sensor_01,387.04
2025-10-06T18:00:00,occ_sensor_01,1.0
2025-10-06T18:15:00,temp_sensor_01,21.5
2025-10-06T18:15:00,lum_sensor_01,422.32
2025-10-06T18:15:00,occ_sensor_01,0.0
2025-10-06T18:30:00,temp_sensor_01,22.61
2025-10-06T18:30:00,lum_sensor_01,268.39
2025-10-06T18:30:00,occ_sensor_01,1.0
2025-10-06T18:45:00,temp_sensor_01,21.29
2025-10-06T18:45:00,lum_sensor_01,399.59
2025-10-06T18:45:00,occ_sensor_01,1.0
2025-10-06T19:00:00,temp_sensor_01,19.36
2025-10-06T19:00:00,lum_sensor_01,0.0
2025-10-06T19:00:00,occ_sensor_01,0.0
2025-10-06T19:15:00,temp_sensor_01,17.8
2025-10-06T19:15:00,lum_sensor_01,0.0
2025-10-06T19:15:00,occ_sensor_01,0.0
2025-10-06T19:30:00,temp_sensor_01,17.71
2025-10-06T19:30:00,lum_sensor_01,0.0
2025-10-06T19:30:00,occ_sensor_01,0.0
2025-10-06T19:45:00,temp_sensor_01,18.95
2025-10-06T19:45:00,lum_sensor_01,0.0
2025-10-06T19:45:00,occ_sensor_01,0.0
2025-10-06T20:00:00,temp_sensor_01,18.04
2025-10-06T20:00:00,lum_sensor_01,0.0
2025-10-06T20:00:00,occ_sensor_01,0.0
2025-10-06T20:15:00,temp_sensor_01,18.68
2025-10-06T20:15:00,lum_sensor_01,0.0
2025-10-06T20:15:00,occ_sensor_01,0.0
2025-10-06T20:30:00,temp_sensor_01,18.72
2025-10-06T20:30:00,lum_sensor_01,0.0
2025-10-06T20:30:00,occ_sensor_01,0.0
2025-10-06T20:45:00,temp_sensor_01,16.99
2025-10-06T20:45:00,lum_sensor_01,0.0
2025-10-06T20:45:00,occ_sensor_01,0.0
2025-10-06T21:00:00,temp_sensor_01,18.79
2025-10-06T21:00:00,lum_sensor_01,0.0
2025-10-06T21:00:00,occ_sensor_01,0.0
2025-10-06T21:15:00,temp_sensor_01,18.14
2025-10-06T21:15:00,lum_sensor_01,0.0
2025-10-06T21:15:00,occ_sensor_01,0.0
2025-10-06T21:30:00,temp_sensor_01,20.24
2025-10-06T21:30:00,lum_sensor_01,0.0
2025-10-06T21:30:00,occ_sensor_01,0.0
2025-10-06T21:45:00,temp_sensor_01,19.39
2025-10-06T21:45:00,lum_sensor_01,0.0
2025-10-06T21:45:00,occ_sensor_01,0.0
2025-10-06T22:00:00,temp_sensor_01,17.47
2025-10-06T22:00:00,lum_sensor_01,0.0
2025-10-06T22:00:00,occ_sensor_01,0.0
2025-10-06T22:15:00,temp_sensor_01,18.77
2025-10-06T22:15:00,lum_sensor_01,0.0
2025-10-06T22:15:00,occ_sensor_01,0.0
2025-10-06T22:30:00,temp_sensor_01,18.79
2025-10-06T22:30:00,lum_sensor_01,0.0
2025-10-06T22:30:00,occ_sensor_01,0.0
2025-10-06T22:45:00,temp_sensor_01,18.89
2025-10-06T22:45:00,lum_sensor_01,0.0
2025-10-06T22:45:00,occ_sensor_01,0.0
2025-10-06T23:00:00,temp_sensor_01,17.87
2025-10-06T23:00:00,lum_sensor_01,0.0
2025-10-06T23:00:00,occ_sensor_01,0.0
2025-10-06T23:15:00,temp_sensor_01,19.34
2025-10-06T23:15:00,lum_sensor_01,0.0
2025-10-06T23:15:00,occ_sensor_01,0.0
2025-10-06T23:30:00,temp_sensor_01,18.0
2025-10-06T23:30:00,lum_sensor_01,0.0
2025-10-06T23:30:00,occ_sensor_01,0.0
2025-10-06T23:45:00,temp_sensor_01,19.89
2025-10-06T23:45:00,lum_sensor_01,0.0
2025-10-06T23:45:00,occ_sensor_01,0.0
2025-10-07T00:00:00,temp_sensor_01,19.71
2025-10-07T00:00:00,lum_sensor_01,0.0
2025-10-07T00:00:00,occ_sensor_01,0.0
2025-10-07T00:15:00,temp_sensor_01,18.98
2025-10-07T00:15:00,lum_sensor_01,0.0
2025-10-07T00:15:00,occ_sensor_01,0.0
2025-10-07T00:30:00,temp_sensor_01,20.07
2025-10-07T00:30:00,lum_sensor_01,0.0
2025-10-07T00:30:00,occ_sensor_01,0.0
2025-10-07T00:45:00,temp_sensor_01,19.76
2025-10-07T00:45:00,lum_sensor_01,0.0
2025-10-07T00:45:00,occ_sensor_01,0.0
2025-10-07T01:00:00,temp_sensor_01,19.42
2025-10-07T01:00:00,lum_sensor_01,0.0
2025-10-07T01:00:00,occ_sensor_01,0.0
2025-10-07T01:15:00,temp_sensor_01,19.83
2025-10-07T01:15:00,lum_sensor_01,0.0
2025-10-07T01:15:00,occ_sensor_01,0.0
2025-10-07T01:30:00,temp_sensor_01,19.27
2025-10-07T01:30:00,lum_sensor_01,0.0
2025-10-07T01:30:00,occ_sensor_01,0.0
2025-10-07T01:45:00,temp_sensor_01,20.84
2025-10-07T01:45:00,lum_sensor_01,0.0
2025-10-07T01:45:00,occ_sensor_01,0.0
2025-10-07T02:00:00,temp_sensor_01,18.81
2025-10-07T02:00:00,lum_sensor_01,0.0
2025-10-07T02:00:00,occ_sensor_01,0.0
2025-10-07T02:15:00,temp_sensor_01,19.4
2025-10-07T02:15:00,lum_sensor_01,0.0
2025-10-07T02:15:00,occ_sensor_01,0.0
2025-10-07T02:30:00,temp_sensor_01,17.83
2025-10-07T02:30:00,lum_sensor_01,0.0
2025-10-07T02:30:00,occ_sensor_01,0.0
2025-10-07T02:45:00,temp_sensor_01,18.01
2025-10-07T02:45:00,lum_sensor_01,0.0
2025-10-07T02:45:00,occ_sensor_01,0.0
2025-10-07T03:00:00,temp_sensor_01,18.19
2025-10-07T03:00:00,lum_sensor_01,0.0
2025-10-07T03:00:00,occ_sensor_01,0.0
2025-10-07T03:15:00,temp_sensor_01,19.12
2025-10-07T03:15:00,lum_sensor_01,0.0
2025-10-07T03:15:00,occ_sensor_01,0.0
2025-10-07T03:30:00,temp_sensor_01,18.05
2025-10-07T03:30:00,lum_sensor_01,0.0
2025-10-07T03:30:00,occ_sensor_01,0.0
2025-10-07T03:45:00,temp_sensor_01,17.83
2025-10-07T03:45:00,lum_sensor_01,0.0
2025-10-07T03:45:00,occ_sensor_01,0.0
2025-10-07T04:00:00,temp_sensor_01,20.25
2025-10-07T04:00:00,lum_sensor_01,0.0
2025-10-07T04:00:00,occ_sensor_01,0.0
2025-10-07T04:15:00,temp_sensor_01,20.06
2025-10-07T04:15:00,lum_sensor_01,0.0
2025-10-07T04:15:00,occ_sensor_01,0.0
2025-10-07T04:30:00,temp_sensor_01,18.51
2025-10-07T04:30:00,lum_sensor_01,0.0
2025-10-07T04:30:00,occ_sensor_01,0.0
2025-10-07T04:45:00,temp_sensor_01,19.8
2025-10-07T04:45:00,lum_sensor_01,0.0
2025-10-07T04:45:00,occ_sensor_01,0.0
2025-10-07T05:00:00,temp_sensor_01,20.48
2025-10-07T05:00:00,lum_sensor_01,0.0
2025-10-07T05:00:00,occ_sensor_01,0.0
2025-10-07T05:15:00,temp_sensor_01,19.19
2025-10-07T05:15:00,lum_sensor_01,0.0
2025-10-07T05:15:00,occ_sensor_01,0.0
2025-10-07T05:30:00,temp_sensor_01,18.91
2025-10-07T05:30:00,lum_sensor_01,0.0
2025-10-07T05:30:00,occ_sensor_01,0.0
2025-10-07T05:45:00,temp_sensor_01,19.2
2025-10-07T05:45:00,lum_sensor_01,0.0
2025-10-07T05:45:00,occ_sensor_01,0.0
2025-10-07T06:00:00,temp_sensor_01,17.67
2025-10-07T06:00:00,lum_sensor_01,301.77
2025-10-07T06:00:00,occ_sensor_01,0.0
2025-10-07T06:15:00,temp_sensor_01,19.94
2025-10-07T06:15:00,lum_sensor_01,403.56
2025-10-07T06:15:00,occ_sensor_01,0.0
2025-10-07T06:30:00,temp_sensor_01,19.04
2025-10-07T06:30:00,lum_sensor_01,357.51
2025-10-07T06:30:00,occ_sensor_01,0.0
2025-10-07T06:45:00,temp_sensor_01,18.66
2025-10-07T06:45:00,lum_sensor_01,429.24
2025-10-07T06:45:00,occ_sensor_01,0.0
2025-10-07T07:00:00,temp_sensor_01,18.65
2025-10-07T07:00:00,lum_sensor_01,500.03
2025-10-07T07:00:00,occ_sensor_01,0.0
2025-10-07T07:15:00,temp_sensor_01,19.71
2025-10-07T07:15:00,lum_sensor_01,379.24
2025-10-07T07:15:00,occ_sensor_01,0.0
2025-10-07T07:30:00,temp_sensor_01,19.0
2025-10-07T07:30:00,lum_sensor_01,330.69
2025-10-07T07:30:00,occ_sensor_01,0.0
2025-10-07T07:45:00,temp_sensor_01,18.78
2025-10-07T07:45:00,lum_sensor_01,457.02
2025-10-07T07:45:00,occ_sensor_01,0.0
2025-10-07T08:00:00,temp_sensor_01,21.59
2025-10-07T08:00:00,lum_sensor_01,415.62
2025-10-07T08:00:00,occ_sensor_01,1.0
2025-10-07T08:15:00,temp_sensor_01,21.22
2025-10-07T08:15:00,lum_sensor_01,412.78
2025-10-07T08:15:00,occ_sensor_01,1.0
2025-10-07T08:30:00,temp_sensor_01,19.61
2025-10-07T08:30:00,lum_sensor_01,380.14
2025-10-07T08:30:00,occ_sensor_01,1.0
2025-10-07T08:45:00,temp_sensor_01,22.65
2025-10-07T08:45:00,lum_sensor_01,365.64
2025-10-07T08:45:00,occ_sensor_01,0.0
2025-10-07T09:00:00,temp_sensor_01,22.46
2025-10-07T09:00:00,lum_sensor_01,459.52
2025-10-07T09:00:00,occ_sensor_01,1.0
2025-10-07T09:15:00,temp_sensor_01,22.35
2025-10-07T09:15:00,lum_sensor_01,389.21
2025-10-07T09:15:00,occ_sensor_01,1.0
2025-10-07T09:30:00,temp_sensor_01,23.15
2025-10-07T09:30:00,lum_sensor_01,373.84
2025-10-07T09:30:00,occ_sensor_01,1.0
2025-10-07T09:45:00,temp_sensor_01,22.14
2025-10-07T09:45:00,lum_sensor_01,439.38
2025-10-07T09:45:00,occ_sensor_01,1.0
2025-10-07T10:00:00,temp_sensor_01,20.87
2025-10-07T10:00:00,lum_sensor_01,417.05
2025-10-07T10:00:00,occ_sensor_01,0.0
2025-10-07T10:15:00,temp_sensor_01,23.25
2025-10-07T10:15:00,lum_sensor_01,441.54
2025-10-07T10:15:00,occ_sensor_01,1.0
2025-10-07T10:30:00,temp_sensor_01,23.83
2025-10-07T10:30:00,lum_sensor_01,395.17
2025-10-07T10:30:00,occ_sensor_01,1.0
2025-10-07T10:45:00,temp_sensor_01,22.74
2025-10-07T10:45:00,lum_sensor_01,385.54
2025-10-07T10:45:00,occ_sensor_01,1.0
2025-10-07T11:00:00,temp_sensor_01,21.89
2025-10-07T11:00:00,lum_sensor_01,487.7
2025-10-07T11:00:00,occ_sensor_01,1.0
2025-10-07T11:15:00,temp_sensor_01,21.65
2025-10-07T11:15:00,lum_sensor_01,519.48
2025-10-07T11:15:00,occ_sensor_01,1.0
2025-10-07T11:30:00,temp_sensor_01,21.03
2025-10-07T11:30:00,lum_sensor_01,394.46
2025-10-07T11:30:00,occ_sensor_01,1.0
2025-10-07T11:45:00,temp_sensor_01,19.85
2025-10-07T11:45:00,lum_sensor_01,369.37
2025-10-07T11:45:00,occ_sensor_01,1.0
2025-10-07T12:00:00,temp_sensor_01,19.25
2025-10-07T12:00:00,lum_sensor_01,470.6
2025-10-07T12:00:00,occ_sensor_01,1.0
2025-10-07T12:15:00,temp_sensor_01,21.72
2025-10-07T12:15:00,lum_sensor_01,401.97
2025-10-07T12:15:00,occ_sensor_01,1.0
2025-10-07T12:30:00,temp_sensor_01,21.9
2025-10-07T12:30:00,lum_sensor_01,421.46
2025-10-07T12:30:00,occ_sensor_01,0.0
2025-10-07T12:45:00,temp_sensor_01,21.56
2025-10-07T12:45:00,lum_sensor_01,393.06
2025-10-07T12:45:00,occ_sensor_01,1.0
2025-10-07T13:00:00,temp_sensor_01,22.3
2025-10-07T13:00:00,lum_sensor_01,333.38
2025-10-07T13:00:00,occ_sensor_01,1.0
2025-10-07T13:15:00,temp_sensor_01,23.0
2025-10-07T13:15:00,lum_sensor_01,479.4
2025-10-07T13:15:00,occ_sensor_01,1.0
2025-10-07T13:30:00,temp_sensor_01,24.81
2025-10-07T13:30:00,lum_sensor_01,403.09
2025-10-07T13:30:00,occ_sensor_01,1.0
2025-10-07T13:45:00,temp_sensor_01,22.46
2025-10-07T13:45:00,lum_sensor_01,434.8
2025-10-07T13:45:00,occ_sensor_01,0.0
2025-10-07T14:00:00,temp_sensor_01,21.86
2025-10-07T14:00:00,lum_sensor_01,313.05
2025-10-07T14:00:00,occ_sensor_01,1.0
2025-10-07T14:15:00,temp_sensor_01,22.55
2025-10-07T14:15:00,lum_sensor_01,319.52
2025-10-07T14:15:00,occ_sensor_01,0.0
2025-10-07T14:30:00,temp_sensor_01,21.62
2025-10-07T14:30:00,lum_sensor_01,449.54
2025-10-07T14:30:00,occ_sensor_01,0.0
2025-10-07T14:45:00,temp_sensor_01,22.14
2025-10-07T14:45:00,lum_sensor_01,379.27
2025-10-07T14:45:00,occ_sensor_01,1.0
2025-10-07T15:00:00,temp_sensor_01,25.8
2025-10-07T15:00:00,lum_sensor_01,506.25
2025-10-07T15:00:00,occ_sensor_01,1.0
2025-10-07T15:15:00,temp_sensor_01,20.75
2025-10-07T15:15:00,lum_sensor_01,327.68
2025-10-07T15:15:00,occ_sensor_01,0.0
2025-10-07T15:30:00,temp_sensor_01,22.42
2025-10-07T15:30:00,lum_sensor_01,427.02
2025-10-07T15:30:00,occ_sensor_01,1.0
2025-10-07T15:45:00,temp_sensor_01,20.9
2025-10-07T15:45:00,lum_sensor_01,368.57
2025-10-07T15:45:00,occ_sensor_01,1.0
2025-10-07T16:00:00,temp_sensor_01,21.1
2025-10-07T16:00:00,lum_sensor_01,485.21
2025-10-07T16:00:00,occ_sensor_01,1.0
2025-10-07T16:15:00,temp_sensor_01,23.56
2025-10-07T16:15:00,lum_sensor_01,450.23
2025-10-07T16:15:00,occ_sensor_01,1.0
2025-10-07T16:30:00,temp_sensor_01,22.23
2025-10-07T16:30:00,lum_sensor_01,394.25
2025-10-07T16:30:00,occ_sensor_01,1.0
2025-10-07T16:45:00,temp_sensor_01,22.97
2025-10-07T16:45:00,lum_sensor_01,405.92
2025-10-07T16:45:00,occ_sensor_01,1.0
2025-10-07T17:00:00,temp_sensor_01,22.5
2025-10-07T17:00:00,lum_sensor_01,345.99
2025-10-07T17:00:00,occ_sensor_01,1.0
2025-10-07T17:15:00,temp_sensor_01,22.21
2025-10-07T17:15:00,lum_sensor_01,440.66
2025-10-07T17:15:00,occ_sensor_01,1.0
2025-10-07T17:30:00,temp_sensor_01,20.18
2025-10-07T17:30:00,lum_sensor_01,441.21
2025-10-07T17:30:00,occ_sensor_01,1.0
2025-10-07T17:45:00,temp_sensor_01,20.08
2025-10-07T17:45:00,lum_sensor_01,409.63
2025-10-07T17:45:00,occ_sensor_01,0.0
2025-10-07T18:00:00,temp_sensor_01,20.75
2025-10-07T18:00:00,lum_sensor_01,374.63
2025-10-07T18:00:00,occ_sensor_01,1.0
2025-10-07T18:15:00,temp_sensor_01,22.73
2025-10-07T18:15:00,lum_sensor_01,361.29
2025-10-07T18:15:00,occ_sensor_01,1.0
2025-10-07T18:30:00,temp_sensor_01,23.84
2025-10-07T18:30:00,lum_sensor_01,395.41
2025-10-07T18:30:00,occ_sensor_01,1.0
2025-10-07T18:45:00,temp_sensor_01,20.92
2025-10-07T18:45:00,lum_sensor_01,436.57
2025-10-07T18:45:00,occ_sensor_01,1.0
2025-10-07T19:00:00,temp_sensor_01,20.03
2025-10-07T19:00:00,lum_sensor_01,0.0
2025-10-07T19:00:00,occ_sensor_01,0.0
2025-10-07T19:15:00,temp_sensor_01,20.62
2025-10-07T19:15:00,lum_sensor_01,0.0
2025-10-07T19:15:00,occ_sensor_01,0.0
2025-10-07T19:30:00,temp_sensor_01,19.5
2025-10-07T19:30:00,lum_sensor_01,0.0
2025-10-07T19:30:00,occ_sensor_01,0.0
2025-10-07T19:45:00,temp_sensor_01,18.3
2025-10-07T19:45:00,lum_sensor_01,0.0
2025-10-07T19:45:00,occ_sensor_01,0.0
2025-10-07T20:00:00,temp_sensor_01,18.27
2025-10-07T20:00:00,lum_sensor_01,0.0
2025-10-07T20:00:00,occ_sensor_01,0.0
2025-10-07T20:15:00,temp_sensor_01,19.9
2025-10-07T20:15:00,lum_sensor_01,0.0
2025-10-07T20:15:00,occ_sensor_01,0.0
2025-10-07T20:30:00,temp_sensor_01,19.78
2025-10-07T20:30:00,lum_sensor_01,0.0
2025-10-07T20:30:00,occ_sensor_01,0.0
2025-10-07T20:45:00,temp_sensor_01,17.92
2025-10-07T20:45:00,lum_sensor_01,0.0
2025-10-07T20:45:00,occ_sensor_01,0.0
2025-10-07T21:00:00,temp_sensor_01,17.61
2025-10-07T21:00:00,lum_sensor_01,0.0
2025-10-07T21:00:00,occ_sensor_01,0.0
2025-10-07T21:15:00,temp_sensor_01,17.73
2025-10-07T21:15:00,lum_sensor_01,0.0
2025-10-07T21:15:00,occ_sensor_01,0.0
2025-10-07T21:30:00,temp_sensor_01,19.12
2025-10-07T21:30:00,lum_sensor_01,0.0
2025-10-07T21:30:00,occ_sensor_01,0.0
2025-10-07T21:45:00,temp_sensor_01,18.9
2025-10-07T21:45:00,lum_sensor_01,0.0
2025-10-07T21:45:00,occ_sensor_01,0.0
2025-10-07T22:00:00,temp_sensor_01,18.59
2025-10-07T22:00:00,lum_sensor_01,0.0
2025-10-07T22:00:00,occ_sensor_01,0.0
2025-10-07T22:15:00,temp_sensor_01,19.17
2025-10-07T22:15:00,lum_sensor_01,0.0
2025-10-07T22:15:00,occ_sensor_01,0.0
2025-10-07T22:30:00,temp_sensor_01,18.96
2025-10-07T22:30:00,lum_sensor_01,0.0
2025-10-07T22:30:00,occ_sensor_01,0.0
2025-10-07T22:45:00,temp_sensor_01,17.39
2025-10-07T22:45:00,lum_sensor_01,0.0
2025-10-07T22:45:00,occ_sensor_01,0.0
2025-10-07T23:00:00,temp_sensor_01,19.52
2025-10-07T23:00:00,lum_sensor_01,0.0
2025-10-07T23:00:00,occ_sensor_01,0.0
2025-10-07T23:15:00,temp_sensor_01,19.93
2025-10-07T23:15:00,lum_sensor_01,0.0
2025-10-07T23:15:00,occ_sensor_01,0.0
2025-10-07T23:30:00,temp_sensor_01,20.44
2025-10-07T23:30:00,lum_sensor_01,0.0
2025-10-07T23:30:00,occ_sensor_01,0.0
2025-10-07T23:45:00,temp_sensor_01,19.88
2025-10-07T23:45:00,lum_sensor_01,0.0
2025-10-07T23:45:00,occ_sensor_01,0.0
